song_id,artist,title
sQm8V5cfws6ntAkoDYvodzOKZGtLxp+iI1D0WnAePC4=,Apink,Secret Garden
Wy9UK7tKl+4seLQ7EXuf+yqnLAO+PkaNo+VFj38B7hQ=,Jannabi,Goodnight
LdKsk0R7k93pvwEvMUEwC3yuT6tBvgxOFf0lI7WJQ5A=,BEAST,I'm Sorry
J93IqmE/NQ2Olc5/+YB9TeS1B29n7TgG5hb5T4hMAyg=,SHINee,3 2 1
yuNOstkTckSX4mboi7T5eQIfSm84fR4qh/PmIi+ruZ0=,INFINITE,Follow Me
6TTDoeQ6nUg7tsnaYURLeM4Op2Wk16MckjnY/7S63cQ=,K.Will,눈물이 뚝뚝 (Dropping the Tears)
kNqY3MfcPCvxGg0hQkofvUIo9T4cppUQT0hYPS4PzjA=,Park Hyo Shin,It`s You
8WgjNesSPLmz9PmBevHerpwSPyy86/pp0MaB2j2RWJM=,SHINee,One
Q0NmdYadyjni+CmtqwcrT/ZwgVcPefqdO1Y3isZ3Pao=,SHINee,WOWOWOW
2hZ2rmtKetgI1lISs4c2RKBt6ARvNMLBf7RJCDCdDdc=,DICKPUNKS,Don't Wanna Lose Now
ciemVXvjgBStz/ryybYpFQVRwojaFW/4lw4nUGo+WBs=,Flower,Even though I know love...
xpSUSo5XgcfNbh4ChYxaJ+lb8/JwDgDhSZorr+grqt0=,Kim Greem,It might be you
M/6x4FmtWzCrS+QCKHNkTDEjk6BWvFIzdCTP4VwkK8g=,MBLAQ,유령 (같이 사랑했잖아)
8bFEtA9qRStJ8Kte5ROkpablwp8Wy/BqxioUIqom2SQ=,Jang Na Ra (장나라),오월의 눈사람
EUOxoMQKvfCe0ZZKv7d6IDsufcVAw7yaP7zUs7UEgLw=,VAV,Under The Moonlight (달빛 아래서)
xVwqf8He/ZCuzCLKKRP992RFdQQbBiPzfnwHXnSMa6E=,Marriage over Love OST,Love Knots
h1l44Z8rdbmQGKQyKUKvcE1aR32o0O7gZhOWluY19rc=,VIXX,Love Me Do
hmXPQ+wCzm6ak8DPqQ/tP5QdTvPICixTNpt9nX9a2Yo=,N (VIXX)| YEOEUN (MelodyDay),Without You
cjccoqS6Ru48QVQjG1mAMadgVJd9RQGSTNFpsk4PDGE=,4MINUTE,Femme Fatale
Y46ZwcQtP6+yjsvu6e+0i+ERz6mP+/1kYP/lUoa0stI=,AMBER,Borders
Wa0twiHiTDvFB541MGrTimE6674WdAyGPZss8o6rGoU=,IU,미운 오리
B3Mu9ADOcr836tzpCiWHHECG+Ke6XscEt/MHPHEdhBI=,Groove Edition,Love Is All the Same (사랑은 다 그런거래요) [Originally Performed By Yangpa| Davichi & Hanna]
vzvWYAnYP3vAaH/ahhi7isQT2WlR0GheGCQKZ5fFKDM=,Various Artists,The room of secret
i5usui2w8AFj/e5AX+a8KBqWwq6XyMQYqfihIfbRcg8=,f(x),All Mine
zlv+BAozAQ8eEQSJdQYsZBP+DmDb5SiamvCM+j6E0Ww=,Various Artists,1-01 재회의 테마 Reunion Theme
Jm/ICruNuLo+cH8BxcHkqK3bmlTWobOqsJtVEcKn6K8=,SHINee,Love Like Oxygen
5Nb5Bi9SeJ5pu3pfpy1MOkf2NF/b/lIdGAIF4qyvwAU=,Red Velvet,Light Me Up
Xa6VJ86WxV5nAbQ4mGvfzwZZ/rvHdouOF2q5vLVtsPU=,Various Artists,With U
irHAs6JktrH9N6yuJF5EdRzA29c4P2MeykyRiZiCG4s=,Kim Jang Hoon,The Mother Knows My Heart?
+wD3b7WqmJt/sY6w8MonnTXIbQIn7mv8HN2XNuvvRqw=,Various Artists,Good Bye
QF14+VTjgXQDUmJzw9CDyYuZ2m98hXn5fqUgMNGujT4=,MFBTY (윤미래| 타이거JK| Bizzy),Hello Happy (feat.유희열)
MIFNIDYsa3rMAhzJaNcqsSVE1FCYeF9hy6VyfyXyqKk=,god,길 Road
wL8xvVTaLzZk0K5Uqgu7pUve93HIVn3vsELy8J5GWYk=,BTOB-BLUE,Stand By Me
KfRUflHn4mU2J77KDkWex5pdtqT2DV4BZlwqLJP5pPI=,Various Artists,The time we were in love (inst)
h5SqVEJWe507YQMf37f5uwejdRXwiWZHGkgTQICKdYU=,박재민,하루
886AYgXqZKaVAtQQMH2mSnFnaPv5+ISMESKCb+TtEGs=,SUPER JUNIOR,A-Oh!
nG3mTipUokAQTeVy8SM/1oVvy5zD3Nojl4rtju9VRSQ=,YUN Jihun(To Romance) 윤지훈 (투로맨스),only you 너밖에 몰라
MfH8QgwmRjnC96HXzaNe3rEEAqukF7h14wCg2CRoLzE=,SUPER JUNIOR,Shirt_Rearranged
aEJQjsahCE0Rh70EywmXPlpjX3j8ct2kaDTaSOtGsbE=,BEAST,Fiction
ZEWQN8VIJ+8iyvb/CXRFFZt3+Jle6tAd2eO/MYVqocY=,Baek Z Young,두근두근 (Original Ver)
kD1PTXDGnvDFeNrpUB/pCMS5/dNGdmscbhw1XruzSts=,Alex&Park Sae Yeong(알렉스 & 박세영),blue road(블루로드)
QkbQDh69iXJafR8W9ind4r4KeVcF3mHwOGpgMERjwLs=,Hello Ga-Young,Those Moments
nIxdMjN0dcwwW09d1Anv5ibX1CaWbIGCfdJVpiGImXs=,G.NA,Don't Cry
CVExtAkcXLRcgjrf74nlfTh/s8eAKm2k7Ny2A61XGOw=,Various Artists,Two of Us
M1PjggOaJPuA3BMR7/bi7EAVquOIqDBSbLkMvoRjPcw=,BTOB,Anymore
IZlA6vcVP2kbNhflQNjZax5GjwCg/WC26idKxLXFswg=,Various Artists,Go
s2QH86vPkEy8/W5HBFfWQnDvk+7Ll240iAFs5uco/p8=,i11evn,Pray For Korea
9oHowzdiZINgrx9WvNBx8oJ7jJRt12d5WXH7/p6RNLE=,Red Velvet,Automatic
SUdNhF9pO6myhmivUJbSb7iPdgEzjASfSv7eF3pc6FU=,Ailee,그대도 같은가요
i59Q/oWOP91G+romq4exY60h+C9KDjDJmU8yMfDUw5s=,Park Hee-jin,To you| who might be listening to my song somewhere
X3sCkQpN8MKdeBP4G+cjbGp7TZJ9+sN6ZY96RUzzYvU=,Stellar,Sting
BuP8o0I8moiWBpl6/m7MZvJ5/l1jsOl+b6OZUOm9mFk=,Various Artists,Memories
FbghgXoripREXfINScAlkyZTjp90ein14aIfaCOfj80=,Reply 1988 (Original Soundtrack),In the fall of my heart
KlHyYFrGmvTmcaS3ke+6KJDa8h9yEYRM2PCxoWL6+q8=,BIGBANG SEUNGRI,White Love
y+QqZGCshISobUiLVEVnlJEO6z6Borg/p7U1rodLmV0=,Fashion 70s,Ga sm a Pa Do...
96Q5eSRtIv/CLYeR7Zin0cj8jtgK0aneAJ5XdsgI6gk=,HyunA,Attention
6Rr63aUYAdYeBqgt6VDPTyIl/fZRaQeXlf0EeZRAqew=,Various Artists,Two of Us
yEk6Jv8KH1OxlQd5i+33Pr8bkR6MUdYsi+B3XaYLtsM=,INFINITE,Alone
t/niYan8K9egm2mG5hfwlOaWzqJpvviCjH+CfvOW3d8=,Ailee,폭풍속으로 (feat.버벌진트)
NYPVF4MzmReVE064v1QMS4palhm+d1zXLZus1uBwBFI=,Lee Ji Su 이지수,it's you 너야
QFXQBj+bQaU1YuoHQyHk1gEhzKc3nQqARNzWNs/Z8qk=,Various Artists,It`s Over
6fqzjcy1mMJctsk/Tug/Zth5sthF31qmfUcWTryZQ+M=,Reply 1994 (Original Soundtrack),Farewell for Myself
sXrltAwBgRoc73PFp/Vq5680e+qEY6QrsrFvdQzDpCg=,Infinite H,Fly Again
lib/R2Ns5qkGnQS3PnsybTGCRg30+Un/UQ7XRk/CYRw=,Jihun 지훈,thinking of you 너만 생각나
mTfc2lCs/X4qT9xz+z1wL41DL1NlBmIF22H6QfamSBw=,Kill Me| Heal Me,Secrets Can't Tell
09g84xTZ0+2iO9J6Lnk8QKf3IHLwUR29jAHD/KrKtys=,HAN YO HAN,School Reunion
BLib+cy2P3qVqSd3RnPppfLM5pKxLQSLNDeDGWBwWE8=,Secret,I WANT YOU BACK
P2b2RY1u0gNfYvhDH6irNvUYZplvFVwbJXdBnHjSirU=,SHINee,Hold You
dKBGIBnDv7GruMLEGFzOTNAgcXb3MGdtp6ueXisYBsY=,SEVENTEEN,Still Lonely
VmUTPeX7+HTVl5xM/4zNXUCAu+0/bRTvUVP9dFWDiQw=,NU'EST,사실 말야
SoM+X0ycaoKPsSm8lkNOG8snzGgeOvokziWNg0FLUWc=,Toheart (WOOHYUN & KEY),Tell Me Why
+Mv6DZtITsS1/noAouXecM/c0MhzdLI7mAWDqF8qHvE=,hyukoh,Hooka
jCrDW9gewn6gaGsbQ3hIC9kV29VroUGtZuLHEOzIJr0=,Rainbow Kids(레인보우 Kids),musician in a forest(숲속의 음악가)
aREEaD4elkQlf5/uEH2mLcNWAH23br7q9Mca+m/sz20=,Various Artists,Hide And Seek
IUb7MhGGhmLg+dxSThPfmEizy6Tw9PmQYl94Ir+1Gqc=,블루베어스|택연 (2PM),오늘 같은 밤
UZ8BemZAtUbbsfvch/ren8Y+A7YQuXv/SOh6WZGnstc=,Ants,Pretty
NPW7KpzTBCitg1YRivLVD7332iKZaskD+/06akizYlw=,J-Min,Song On My Guitar
bbGovFchvvTzq1jzgfMkqBtvFaIPSl4tgR/wjgdJu5U=,BTOB,Second Confession
2ohXYo/0A6AmgoZepImst0ogzE5BNodjPuThzuqK2cA=,INFINITE,Because
6a00zOdfsQFKHzieVX8lFFiRdULEyRKf8d9lupwHHrE=,Various Artists,Love Sick
cXcAMWSocYiwnIJ9we6+jUXFRFkAqXPKPzxk/JR8UkE=,INFINITE,Season 2
LWeCgT2X6zOVFk97tNz5cV4gOISh6M+0lxML/2QNf9c=,Apink,Wanna Be
ntHrLHh3Ybb0DKAZrv/iaIki7tofID1p22tpO+pNB1M=,Outsider,Lose Flowers Bloom
40fyArJ0v4wppak3R00w/2piTtmcJv/RcVrS1TgQybU=,Niel,Disappear
KMAE71yriR1qDejSAROneajMm/XpoPmEGzOoFjQADXk=,Unpretty Rapstar Complation Album 2,Me| Myself & I
PTJdIOeu62G2sR8lFJ8kT5X03kP53/pk3bX3e/Ano4M=,MONNI,Sunshine
K7e98QHE1b5Omd4cPn1enw2HljM8zxC8k6iH+cRal/E=,Various Artists,You and Me
YiKpMUAoINg9gp63Gw/rI00+r+lXIqJLY+W7vU+gO80=,Yoon Do Hyun,I Guess I Loved You
K2v8EnXcO6PTeshCfLXd/WVaPDjNxdzZE57go3jXgbQ=,Various Artists,Yongsan Anthem
LamOnxK55leQSToSzwWONAh9Twq+PvuFrvnYC//8xrs=,Kangta (カンタ),Diner
5ixmJh/f+BblWyv9BC1afIXQI2oxWTms37SssdC4ZmY=,Jina U,First Love
TWSEn78Eq5t1DxfZ5m6Nut3/fAnKhW569NkmE4XY/Bc=,CHOI Junyoung 최준영,cold heart 얼음심장
u5XsozApnBiQDDyxxJge4ieUnsjVawof3xRrej2hG7M=,The Film,She
SJBmfcszqGNzpwPEZM5CNMJ5C4eMM0u2FF37S7dOiW4=,GLABINGO,Memories Latte
1ZAtyhX7oTeAkEKF7TNh8NChmndxb5G7elT7CsywL4I=,Boys Republic,Get Down
LhGK/u64tOTp1lmcnPHqaKHzJDJ4Hxrs7sOWnnZoVJU=,Spring Breeze Boy 봄바람 소년,only one only one
5sBFEyI5ApzoAVLXEpqVeaXWIqY59jfLbw9v6M9izjM=,Deffinite,Around the Corner (feat. Curry K)
rR9IdF20PTVPT8uV7qwrGL19ezA3tczfbqtQGdBzdFg=,LUNAFLY,wanna love again(다시 사랑하고 싶다)
ZnKfxx5oU7IwHlF8N5TTnk71iiN5jD/HLlmvB8bx5WU=,DICKPUNKS,Fading
EVsgf8Z7XFXiTK62lE3IbrvMbkr85r4IzL9p11E8I1Q=,Jay Park,사실이야 1 Hunnit (feat. Dok2)
TUPWg6dHzntxfucW1y/lH1z3oSTn8mA15OMZ0cbaeLs=,Loco| yuju(GFRIEND),Spring is gone by chance
Dqn3n1Zh3ezp6b19YIOt/BO6y+39m3RoJ/OxOsUg+1k=,Thunder,Good
ckMx35tDOmA32aexcD1CrKFcm2kaf47G+Ss/oVhAnSw=,요조 With 소규모 아카시아 밴드,바나나파티
xDk/a4VrVf2UFFLWa6idyh90ymcxDfBVsmDo3X21yYk=,TVXQ!,HUMANOIDS
V0SQYS5k1xbrJ48oVvYASpULi4wT3iFwkdU62I7wkuM=,Solvang,Cheonggyecheon We Used To Walk Together
M0Etc8u9NEGJtM2PM76PZejfyod7y2DCJ2Seezz+bhw=,The Quiett,진흙 속에서 피는 꽃 Flower from the Mud (feat. Kebee & MC Meta)
21zjLOKjDmbrNZzVq288FvnK8J7aBCqEv1xlh+AVQh4=,Sweden Laundry,night
m27oj8D5huhmdDlgYTHOjHBIHyBB1lWwJE15y9boTRM=,JACE,Radio Star
TdYy6QHAtcBGIXp855YQGo9jY0Yq9NqOU3oNSwEeNtI=,Red Velvet,Huff n Puff
igvVdKqsAGA3uhrRP0uhJvmfxa/h0cy0ae171r+emoA=,BrotherFriendBrother,Soboru bread (소보루빵)
Nyr3SeDX449BkRJzhvGZvwOIZFCi69AzTyuD4Wileso=,Hyungdon & Daejune,안좋을때 들으면 더 안좋은 노래
nOzlxGjXAG4YzjBZhJ6JMmGEjyi4k1vJuXOI6U9hqEE=,BEAST,Let It Snow
8JaQT57/dMwLnqUpSNeljGkHtDDV+f6JLHPWNxLrpbQ=,INFINITE,Be Mine
E3u+AuTDZB++Ly825/n+UIbdP1NfMLwQMVaAeVwx1Xw=,Kim Na Young,어땠을까
ON94c97LYqnsBXaSz7/2wIFAVNsBAGcaChXOywr4jV4=,Kiha & The Faces,그러게 왜 그랬어
cb0nd6Ftc0WtyBuwuL471BEIOSRrvlp50ENMxvyhrcQ=,Various Artists,한 사람을 위한 마음
+8E8ZBp61mYEDWLtoIOrC4iPSQ6hKH8hd1P5laSaUZM=,IU,마쉬멜로우
7vuyzUszWywGKQwVFJ9gyPT6gKibjjkEDJWgKLMjtvE=,M.C the Max,No Metter Where
ZeOwYTo5pJDl54KRF+Lb3bKcehg7EG2ZIZ92G/tqAGc=,D'avant,Wanna Buy Love (여자친구 사주세요) (사랑을 살 수 있다면)
RXlL/Z3w6v3/7tV0eSdGP7oVmjVTUnv6i9Gv9F84fJI=,김남주 (에이핑크)| 육성재 (비투비),사진
z6jOFN/m+rIVD2mMcyUh/ewgQELkuB/9vu0PO3BpsoE=,Nell,One Of Those Days
S1N/50Pec0Lv2uLwq9XFA0Im2ZBY5Fi1ekwXwK70vVI=,Various Artists,The smell seems
X43iyV+9pnOZh1cUbvT65gErOz3BcgJJExx0okzbILI=,THETHE BAND,AROUSING LOVE (사랑을 부르다)
lSRm4ExO4KAhsNeVeSc68481bHIQoMpnSBWkNBwZAfw=,Wina,Glitter
o2fVfU/4aiQZisvO8H7rs6jRPa7idW3Upexu2ivVDyA=,YB,Mystery
of22VBP0cTP0FngvnSFv2ewl5VuunOzaeS5t4dmZw5A=,Hello Ga-Young,Sometimes I Think Of You
Wxp0PfLDb5uJZcKZ0MMu8EQ3YEgz6jbWk0p8qNj7sfE=,Superbee,The Life is 82
4u6uHDUI7xbBriOHgwxvcr8tp8S7hGaU5mhZYU+t3Dw=,nafla,Wu
TO/sHY27fLPSTcAqxFqRAYPBmQhK60psJ7Vrv6qbPtA=,IU,별을 찾는 아이 (feat.김광진)
6FvU9Frsb7lfA88Vrbm+6rQMXMPQONJkNODG/3R4cwo=,Ailee,My Shy Love
J31J4/spn8IaJ7IoHjj4PAIZPPTc8qKwL5IvaxCMpdQ=,AKDONG MUSICIAN (AKMU),다리꼬지마
Ci8rTNS6xytxR8DEMoICbPkglH9BF0VWa7A96XLNVrA=,Block B,했어 안했어
f2lgQ77EDt8nGbd1aUfsYjmZmmoUWsIuSYqATdclxR0=,Master's Sun OST,Mystery
VSA/wfKMWd77AtTWnb9Q2QupBxHH9KjpAQIHvEtuM7E=,SHINee,Your Number
iIWfpQfdO0XTJMr4J/svQW0scGiJ3bh23ekVnn47IBM=,INFINITE,Fixed Star
SogyJr+Am65d9yW5dkPDY5Vctx8wRASZQJhp0V7ydDA=,DICKPUNKS,We Young!
aKMoT2AOx3LIkOTMpJfluxoJrz8LeTZ3Yyq3S/aHMp8=,TIM,Liquid
PDs7pJWjypGsnFxhQ4zCIj6y94Q2AyKAy+1US0A/tpc=,RAIN (정지훈),Same
GkQeW9DOLcY1Aj9MqMkolt3V1AODkikxJwkvvSYYv2U=,San E,Do It For Fun
hAbJbPZk3UmBGBJYdAIGCYWClULjq5o1Uz0MZiEPD/A=,Jessi,Raise Your Heels
uvFJxyWM9qGiu4ppJ+otxEvtWr9S4jeK2ERTAdZrKgA=,이하이|윤현상,너를 위해 (임재범)
1u/THyV9BDagh0Ppaa0fKOiYZnymtOvLJywQ/6MXp4c=,f(x),MILK
6m0xMeaG3wpGMd7k4qApYDVohez3bK8xvZU/pPsOQ1I=,Ahn Hyeon Jeong,You and Me
eXaGsIheQmeCPt+jcDCYIFGctLgnQKSGJCbX8yDWvvA=,B1A4,몇 번을
gkmbzJpvyKvhcvzlEs4tsUhZxvxrfDNDSmkLmJmcq/4=,The Electriceels,Freddy (프레디)
Du5ceoSxdYUZMSZcIgk/yEhwpvrWXs8Ti6cXWsj/sKY=,BIGBANG,You Are My Light
Jgi2bKJuZAU1NPMizB0ZDQSYXknBwp7TXKS4kQ4z1mk=,IU,무릎
pA3cF2tcsebjhfi85Yp1EZ54A7Kz5gsZpGQJcwX2IzM=,BANGTAN BOYS,We On
T5fKoLax/vVaFf42nA6rg1I2gxYxBpUPkgSOPofB2Fg=,BTOB,Yippie Yo Yippie Yay
OWdaXoJIHhUHHW4zX+DSw3qN/zB6XRjMCx3AMXiN/A0=,SANDEUL,Home
C5IX/mjIKIC+j7Fe1cBC3HfaZSA8R6QtmECza+aRlS8=,RAIN (정지훈),Love Song(English Ver.)
wI1DkrYx4oPwtXJP9KG2Jsoo6fWuJ5v2e6rO1kEedQc=,Secret,Madonna
d/uGG8QNwSe8vuJzQcZ+jlIS/JRTQaUg1aG1FY6lJUs=,One year old different(한살차이),say you love me
0BBIxxlphJme6RGG7iwK4FM6n0pf3YygWKbx6jXmsN8=,Wind Hold Venus,Don't Ask It's A Lie
TKrxNbNMGICMGGn9L3Kwk9dxec2pPkSR9vmcK9nDRZo=,NO.MERCY,Interstellar
f7Ds/MYRRlFnNaXFNDH9WxAg0oDUzJ9jLUTDlBKpZ14=,Tako & Jhyung,what should i do (with jihyeon) 어떡하죠 (with 지현)
wYQrrFZr9+CNwoJ9v1HT30EbOCvxYoY+g4gqZPGKJ+8=,IU,싫은 날
18TaFeDxBku2Ln6zOJCijEdpnKsy7oPB4QA+2otMvOo=,Baek Z Young,Love and Love
z0aWF1GOb0S6c3oMNboY4vuGb9LGP0LRLjtFUd4uczE=,KYUHYUN,Eternal Sunshine
R8VsG2tWBtcAAuRNh3+boNt6FEnZCMuHOjRI4tt5lm4=,GB9,DalAh
UkEIbtNZdKdR3ZPa/99vIpVja5vQpN9emWCmBxwR9J0=,Dickpunks & Jeon Jiyoon,Soul Mate
Ut9hKfaBuLDFZNOIWlWp1PJRkPqSPWo+k7tEmjGoq0Y=,Lim Chang Jung,그렇게 당해놓고 (feat.마부스 OF 일렉트로보이즈)
BvXzxXfPCgW5dTO4izQ3A3tMT3YOUpWKl/n/KXBwKc8=,WENDY x Jay Jungjae Moon x Nile Lee,Have Yourself A Merry Little Christmas
l+MvJGkk5W8OYrWIACOWMTyO7KjR5JS6Q5fatJuzuMs=,Cosmic Girls / WJSN,Take My Breath
hPsQL5/rSB/Z5J2WLNxE4lGyiQ1UL+UP+d0lb6YnEE0=,Various Artists,Bad Dream
5+Qwez6FuXSor8QDZffjVhAaC4hur8Wtvv/VID6ZHqc=,Various Artists,한 사람만 보여요
rBwCLcDFekfckVl5cqMFSOUl7OAlhH2o0fTuqh+vyIg=,Huh Gak,죽고 싶단 말 밖에
JwDGJcIEaJ9LBnXfY9d3BBf24jNn0frl3iHAWbynTP0=,Urban Zakapa,Everything Is Good
YuuE1RWr1FSr/S96e7wwZhFdktdU77ffIJLa8BTEPHg=,Various Artists,Our Solution
Oks8q7kHhNRSzY5puKPDTJS0xnFY4E0ceKuA5j7XdKw=,이정,벙어리
SI+RCfs9KsvUIKcTjeOFzgA8umYvV42Q5j0JKwThxoA=,Various Artists,Gray paper
aCn3aafqnjPAb/JYl/ZW4QKa38nZqUmcel1fmXC1d0o=,Various Artists,Why do you see me?
NW95o8w+Otu/L0c/mYcgIMoe7u/oQl9T8zHUVUatJPI=,Various Artists,1-03 명우의 수난 The Passion of Myungwoo
pvdSOzOMKd4aSgcjAmX9Ker9jEDRUcCDNFP+/RQvvRI=,Yoon Do Hyun,How I Look These Days
clOmEz+EZzZhnLLMNBD5bco4h7jQeoiQRw5Wkxa0zAA=,AZIATIX,Superstar
hleYvP0pZSBLxvie6YEmXkgjk76E4pYLMyIR4FzfNFI=,Demion,Street of Dawn
+H8NARC9w8TWRfmScF6nXEqWwWQrkKaZkmr8GsyeYp0=,Jay Park,When (feat. 타블로 Tablo)
FOrNXYw9sv0tNsFcUM42Tc/YsktllCZ+JSouCv+T+Og=,Boys Republic,Hello
gKebiiC+KyuM8sTDgL9YDGho9ntxplIwPhGnIzz6djE=,JAMBINAI,Connection
K3NsGi+aYU7Ae3Fpw31FGSkpTKEnaHyMbZ9pt0Pxsbc=,The Stray,Tonight
4tReauHrdk0QKz6i9BJH/FFwPEJfLq/4LYJCaovb6Ro=,GAIN,Fxxk U (feat.범키)
sXIYaY65kzMbdjbaxgfkRh+dBN6pDnOjOHpbTRozbKU=,Kim Jong Kook,Mark of Tear (Instrumental)
ZpWjHGPBxk5tbUcAcLXsiwdSfe9FCEdzz1CxayIYNKM=,SISTAR,널 사랑하겠어 (I choose to love you)
hqWC7nfBGZ4lc431MmPfrspj7/RdgrU7jWLMWCEvzRc=,Various Artists,Let's Cheer Up!
a0rt4bJYJY6fn8MbvGipZmOUnLdvFWOP+N9tWsoiVCs=,CROWN J,The Best
/sUHgGQnsZfQQ5Bfapu7Vp9pmeoO7XmmDemc/gmr4GI=,Modern Darakbang,All I Want Is 바라만봐도
jIIcal7KIqJAeR7j2uiQkqNLku6HphHlcQ2SB/l09O8=,BEAST,With Me
cAzhukTkm1OAGtUFj9I2J2n6TWP1BRBGga6XVFItiL0=,Baek Z Young,내 귀에 캔디 (feat.택연 of 2PM)
hy+VTNETIfIzYSgEkWfa3m+SlPlRZnb1/v4BfeSuZpw=,CRAYON POP,1| 2| 3| 4
2merwvMqK/MxFUeRbmFi8JJ/WQFS0VOt96v53SpxTUQ=,LYn,이별주
w772wCVHp4VcFzAazdgNvUzjmvnbeL+MST2RylTFyRc=,SMTOWN,Last Christmas (SHINee)
Rx7OEi7OxB19Va4+aRt5as0iHhF8zGRp4f1lwgNNcoQ=,EXO,Baby
f9LnSDYy7ze8UNsolJ9gAEVHxncvuJNtTmc7jBU0ALY=,BANGTAN BOYS,Autumn Leaves
ZqOlkD9fp30WDXqPOvtCirkcEK7BCaF8xObJs57SkpQ=,Gavy NJ,Love Novel
ysy+0ol7l+hC2HQu1kFmFDqA8GHc9DLpYsq9WvoCb4U=,BEAST,Dance With U
gHi48Q1BAUocrnxPo96FJGxjVSfckUmd+b+TR+rh9Os=,RYEOWOOK,Hello
G3w7FZxMI8EAC8CbIY3o2ANpEc4qkcX4kumQ0pTrL44=,Park Boram,Celepretty
YxU0secfJjGz2ua+tJ9t+WC15++bk35B6K9ogZ2aUX8=,EXO,Let out the Beast
1cTk0v8ezggHGofIc5gwwxnY8yVIH1bnmr+MmNroCtk=,Various Artists,Darling
pKY4fRreu98LgVNu42U1os/LTGBu9py6JAuEdpJNAv0=,Coffee Boy,사랑의 비겁자 Love Coward
Ni5T6zjbvaCjjOBgYVRZIiIaSYyESf6T8CNv19hCmF8=,Stellar,Intro
GQaH10kXEjnV1vw4A1u6bJeqDL30GwkKdfW7sH34dHw=,BTOB,Melody Song
a12fTBxguNr5jDM/X2xi34n1uak3vdo0dZeSODZEe/U=,SPICA,독하게
2aT0nag541hoUTIGYDVkoSIxYn/Cc/GHglsXLWSEKhg=,BTOB,By Your Side
0I7rm1MDBGCb3CLBaJ0vl2GmFibYTLY1gcEUktwlbw8=,Lovelyz,Good-bye Chapter 1
zMhOnBwA3uFwd9+1mUG+K49VZfBP0AaZ1sknWao77Lk=,Coffee Boy,바보 Fool
hmNExFraifev5SvP8h+xDY453GQ8Re2y4WMnxJp4Qe0=,SUPER JUNIOR,SUPERMAN_Rearranged
hloC99vyxMPE07eOI9KbUZVXTDL7WibzR8e+alk9deY=,4Men,Once While Living
KqbZlkOvXiVcvlZ6yj9EW8fjq9hZm8j1JhY26wLB+9g=,MIIII,Temperature
MC+VtepLCokSX/msEDGnIZTF2+rjdqQu5b9WnA3HgkA=,DICKPUNKS,Let's Play in the Han River
G1d03WZ2qSjYgiRhPAcoSUDD5yCrY4y7jy731r0ZANs=,Lucia,melt me down 녹여줘
af9ZdAE4NsSrwyw6Xk6FNTA2gwxnC1SX+L9669e48mI=,Secret,Poison
/ipdMDQFy4pmYBz2n7dhQCplKjhIVM1IARffZEfS5dQ=,Shin Yong Jae,평범한 사랑
Il+N2XpZMRs2sB07OJWfB6VjG/AsVKVUFsN5I/X2S8c=,SHINee,Runaway
+kojnx4dbxpcVRdPy6h0KJag+7bN2JTEH+i7eE9SjyI=,ZICO,Predator
UmL/kWZ6JAnZxqMwwhN26j3LjJfhrxYTEfgYhcJ5bQc=,Cosmic Girls / WJSN,Catch Me
knBKxpaNN3fESMm9t7mYqVkVhwrIr0lySxqA8p/09Q8=,Jun Hyung Yong,Don't You Worry
a5Ga8mG9x4qE6g1TxlvYe7Mhk/vqYKuD0mKiUcfuCts=,IU,안경
A+gMW6svWJBqrqJQ5lNhLTqCvGMnb1mKsUxcZSj5OvY=,4Men,Regret
H3x7eIOwVADdumSWFZhMJcLrdqhPlmo4BTr25l130RQ=,IU,소격동
Mhxh4Vw3hANhvFIW9g+mPX4jldbLkRu1Wgmx1O/u++c=,Hash Swan| dKash,Ay
izPzEw8gspdaRfKMjbgSO7I2EQreMjZcPXej6PolIF8=,YESUNG,Your echo
Y0CCvly5Ws0l1MVULa5Tzev1nzB2ovBTkXAIGF1CBXk=,G.NA,Hate You
U5Jfa+TXGcVq6mQBcvhQigFUMEOsPUWPfmPvlBGLYNE=,AlphaBAT,Oh My Gosh!
zBus9G0M9WKMsq8U/jpvpxyW46sgkKNVp5JGtwi5O5M=,NS Yoon-G,What Do You Know
xVfgxJLbb28s2t4yEt/FJ26WXfweO3y3DW2KP6sPP+A=,Take,Good-Bye
fOsEo+dW16wpTTFaUqUZme7HDw7KgYRFcl1z3yEOiaM=,Sungha Jung,Waiting
RvWAhpDa8NTOb4QbiXfrJc9ExJO3MbZcFpvtB31XqcA=,GAIN,Apple (feat.박재범)
9R/oxdxaraiBXIWeGzsMFJGgqTJzkWN7MKFww9xiCRo=,Ailee,bye now(이제는 안녕)
hKvQaEd7T2lqo1RriuW4+0PozMgMdaY/8QJCiPysnJg=,Jay Park,Feature (feat. Cha Cha Malone)
vFp5F7sJHKEe6pilwUxpB5zQjgQ8kSDMwU13hckjOzI=,BTOB,The Winter's Tale
N3otz4TKQPro2V8rrkVQZShRjOJRQrSh88UpveLEzPU=,Esther Yoo| Philharmonia Orchestra| Vladimir Ashkenazy,Violin Concerto in A minor| Op.82
t4SJl6Laa5wCoMFCUrlfHchGPZhejYUk/7LwKwj58mY=,Various Artists,just friend just friend
xR5gIKFuX6l5zaR1QRb9Wy5wn48ycyV4e2dP0/ElZ1g=,Ben,The Last Time
eppz0fOXvEv6B62iTzm34v1BG18XdQFqj0g9c1AXF6U=,Rex.D,Don't (feat. Ovan & DJ Tiz)
6WBVPuTJvGwjTGEkZOdIOq+eJ/Ssu+Dh/2Li8VeIiOI=,SISTAR,나혼자 (Alone)
xn0UtMCAHTHFaY10/x47VhniJbWFw1rHrZVt1N9Y13w=,Molly.D,ain't nobody(ain't nobody (feat. basick & 구인회 of 프리티브라운))
8/0nxRlOMzMplDE5IBhRp5YVXfu8rmhCLYRDjLfaXEE=,HyunA,Just Follow
xfAM5K+IZttGPSxy6iTsW3YgNz66p38brgo4qf9cMZM=,Various Artists,I See You
VXgt0HOeVhrm3XKgy/3hCchFNxX2VYMY/pP1aRaDQIc=,Joa Band,Just Friends
3QXy/2kxe+XzpDcU3j7fWDAAgbT0DjZwrXE6yjh1g40=,AOORA,Grab or Bite
3g0EhLDnZEutQttuZui2bpqD/dETM5jECi9TEOUFo7k=,BANGTAN BOYS,Intro: Never Mind
+LVn4Ak2RPIW8MqY/V10RzXZJz3E6ZIQsHgZjTbAIrQ=,Swings,이겨낼거야 2 (feat.GRAY)
nfHbu7+2YwcPIpV69nxdbz/TUv1EMNtiNJeYO8x+eIo=,Discovery Of Romance,Goodbye – star love fish with Jane
9rIpm8cSFvEVdUcFOL+J2b1Wb4FSdkWs/OECwEXXleI=,Yoon Do Hyun,The Sound Of Rain
q5Mg0XUs8J/RbDn5DuX+ArJ66l53EOd5wi9fW5IKlik=,After School,Time's up
EAE8UhEkGtAaeGJF1xjPIXanoStzu0a4ciINmDBfZqk=,Apink,I don't Know
51kcq9fKDdzCCFJu4Be7RwVoAO3s/0TI/o4fGjIXEgM=,Yeoeun,My Love
XnP7gK7dMY4tlr9NElgxFmPPrWauyheZ+Rtf1Nvr1KI=,SHINee,Evil
JG53kh0Lu0XdxGJO4dPCjJTM5+bG3AI+LJe+kKVw80U=,Urban Zakapa,Rainbow Ride (Prelude)
sFnkdvKBf6t5bhINTAvDYUdNiIuIWHFRW0at0HuR7GA=,SHINee,Electric Heart
Jhg8DUCCjKyQr85HZf9k2nS4b3uRLKG8I6OJNCcl6WM=,BoA,Home
OV/5Mj+gKr9BSBaGw4LCRGpcetyoZTb5Zl83gkbQFNA=,참깨와 솜사탕,키스미
sCzCD1U/lZTDQXF1dMSilKvCnZU8PFLNQ6S+2b7DWE4=,Ben,Not Ok
1sZqkyqmQYgNGodoQcSOZsX9A//pEy7ze1pOeTZ7ecI=,Various Artists,Summer's Afternoon
toXDGy5nRiP16OB5B2g3f7wLraU1B/VbFpjpdUKPRPo=,LYn,Only you
BRBCbjYJNo/yQLNwDpmT3J9EKPGiRu7UPgNstBBiAlE=,소유| 권순일(어반자카파)| 박용인(어반자카파),틈
2Wk/9pRTpypGJgZtbHjPs2nN0R6QU2ZPsv32NeQpY3s=,SUPER JUNIOR, TWINS (Knock Out)
d2d0NJFiTa6k6utfcfVimGnh+o1W5kdKe3MeXA+NK80=,OKDAL,Hero
Bt3ygRK5xVRMzblWrhPSGohzqV1tgsqWn7NeVv/XIjs=,INFINITE,Can U Smile
DdBUBF3IKosz8HWdnYmnfK8fb4NES1wx4eC2zVVTxwM=,TVXQ!,ATHENA
79M5AYGt0sxI3itU5jG2NqeqMqAhv8JGRQFWQSNrK4A=,f(x),Traveler
5mHG8LoFkpqHC+9skA5bR7o6IPu6vRTKj8OPtL97C5o=,GARY,Zotta Mola
9MupIEAB/wh3bhT5a/76tXPSO8k1wr1O8y9DUN4R4Cg=,Electroboyz,love (feat. seung hui from brave new girl group)(love (feat. 승희 from brave new girl group))
Zeqmcz3YwfaHbORyK5mwN1BwCVqciYJlbMf1lfDTFPg=,MINX,Shut Up
ZgW0B1ZxP4MNkOW+9NfIbxap8Am0XaFqlWC2qsRV4UU=,Teen Top,향수 뿌리지마
4q9NUZNoVZuXUT3XXlUl5TDgQTTxZ3/0Gsfw30YSpC4=,GB9,Just I Like You
hYfvVZR5nbW0UxM5NouIrV7HPA+EopFL/M1b8vLIEow=,HENRY (Super Junior-M),I Would
vfGZN4oCBKaH0CL6yGWK/bJ+7X7Xzz6p/GVSKcX2onI=,INFINITE,Entrust
quA9P2iheqHLU4PCQTLzITXrB0FF5W2Aua1Q+EMoyIQ=,BIGBANG,SOBER
ZQ3GpeNmlP9eNqKL46eD2f++u7iMKJ71Yt9GTJkKvXA=,EXO,BEAUTIFUL
KHVLWwyS8Plqlc+m8qKc95pG7FAdVOeFgcLo0lCjJn4=,B1A4,짝사랑(산들 SOLO)
RJzoqIswcLD164SDqx2yIv7Ooo+795EDLvHhDZ+OEdc=,GOGOBOYS,즐겁고 즐거워 Joyful Boy
e9xr/cegOd6xLDQAI7iV0M8xYw7/Ke9p2jAKQFOzZlU=,Allegrow,우리가 스쳐온 서울 밤하늘엔 (Inst.)
OONe6BHYbfUqXSqPplQ8ko+LeazReuKjJjbvn5RvB8c=,GARY,랩해 (feat.DJ Pumkin)
UUAs24JJV0hUvPuBuvrCa/FnAv+y0NSJhHx7vh+T8AY=,Crucial Star,Ain’t Nobody Like You
z7OVL2WG5YydHNNHsJCFfc+lRvPs2WVzgId7zVCILSk=,IU,느리게 하는 일
GAF8PUdlghItd4o6ccpQSWVsZLnDJhBtBYeOGlfkBxE=,UP10TION,Just Like That
+WJw9JVf+Qf2jMOqAYvkNJCi3j+fzvMHyJQG+l5xo0M=,Clazziquai Project,Android
Zynw5F2E0AnZQf6Z+UPiDfNXaPXPRjk80Xngx8FT/os=,Han Hee Jung,러브레터
VjZiV02vTgGtoP3vSaQWeekFMf9wxf+eBw72F2fdl00=,TVXQ!,Gorgeous
BWyQ6ZLOpfTFdOMp55Qj4iVIJmAOI4+Oia0grOKlCoU=,Sungha Jung,Riding a Bicycle
IQoxvYKAeydlwCwpTX4ZDtVmUjSxGLbJGsqJ9vln6j4=,NU'EST,나의 천국
78b4qX5tpSje5kN2zRQXIVQiGJAsLvJrAi/hl4yu/Q4=,J-Min,Beautiful Days
WFXXc/YB+64jdIFF6JZMN2x/o0cQUV4uuYKWczB9BfE=,AMBER,Need to Feel Needed
lrCQtKq2mzXRqfS47LOK/MuEKXr4VYxTM56/MDkdj1E=,Various Artists,Stupid Stupid
E6OIrgXjm91jmJpa0AF+gFkyxxNth12ZchHhdlTLGFs=,Shayne,Be My Love
DNYgpIg8GQKE5k+SCwQfcereFJAUe2+WTvx4iQVzYB4=,MBLAQ,Again
SAhvEBvu8tjfe6fzYtLqtY+UC/XQcUDh2v+W23q1sKE=,Various Artists,A Love Begins from Confession
D81sWzGaXCDgjjh5vonthvKfsVOdMv1eLY/VgSGTIGs=,Sung Si Kyung,Winter Wonderland
cDvdukL3ZDNCoDd1puQ8eHMCx/H4cJ/NeI/kjZvjQZU=,Acourve,그날
V2rrhgrQfE3iD9ZfUgzry9CEHxRukdUi12yPxsk6XG8=,Lee Ki Chan,Thank U
Sz0RLHXJzaRSMLX334uIYZJ5xtPG4Gx3s3IV/mLefto=,Master's Sun OST,Lake Wave
2h/24zwfRh2zd77dYpvOWBafodvbNMdez0On9Mm9skI=,BoA,M.E.P (My Electronic Piano) 
SCUkWnV67jWdl5E/FgQcAmEVngD2jmfgcoamxc9ohTU=,Various Artists,The K2 main theme
vxQQrmsm7Yf5Hv13xRNAOsANobnipBBysUSbVAeOwRc=,J-Min X Sim| Eun Jee,Way Back Home
Kul79XkMBcRCnRf6oekfHKohWFnt9A8hDAnTY1DUhas=,INFINITE,Inconvenient Truth
ujz93r/gdRAnjyLwTKBy3b7n+JcmkbQ3vAUbnxlGVao=,David Oh,Speech Bubble
iviTog8NDQne7DB3kpZNe8YRV3VIFNspd0JicDbIc3Q=,Baek Z Young,아이캔't 드링크
aeKJnHXQTreHWLyr9BNs9vCkQx/KsLTBb0qOdalS9Hw=,MAG,REMAIN
OHUxFxjFp+a41zB5U1cwVJSoJOdYTVGXk6z80rJWQKs=,BIGBANG TAEYANG,Where U At
2dT6hD+fCP5OHP0ZOKTAOYbR5jqERp5RYRqMC6xFnmA=,Various Artists,shy 소심한 고백
nkrTwRDK6H4yzgNkvT7BDjAGmbj1sqQAWcmIyiPeH6w=,EXO,December| 2014 (The Winter’s Tale)
uhxgnbs1fTTVZeoAQyH7Faqi9nfcpkiv5lIUs8FqDfI=,CLC,One|two|three
zjdynbNnCq7oKKBFRwBv0oqUux2AOnVOWipd9xA/bnE=,Discovery Of Romance,Special Love – Sweet Sorrow
X4VPtTYorMhKWElRMugGzIXo/nMpV3l0JNkdQ44ZouA=,Various Artists,inessential dark
3+t1WZDBp2y5RQZCjfF5v90yuU/hjxl0N6rjXi+VGlA=,Nell,Tinnitus
nyHdKz08YUjER5IKV1ZSsqH2vqoviMM4uJodjXHFKzw=,I.O.I,More More
BggbVzVwCyzg3wNEYDbS6Mdvx+ZuqcCS03XLp/IHZss=,Ailee,얼음꽃
nt5bRp3h7v0rcRZRBherM1BbBYKnBgloy3sI0F9+uPc=,RETA,Listen Now
PyRILcv3b2Rq9sogzejmAaF1mnSg8ru5aYNrLyl2q+M=,Kim Bo Kyung,Don't Think You're Alone
A+ezPMeOMfXBv4sGNrm+Ccpl9/E1RUeD5HQt1gz+1hg=,SISTAR,Say I Love You
s5NbcIbtK7oCYhFlOp5c5TJ0SfJ9u42+QwzxWCfd8lM=,Lim Chang Jung,그렇게 당해놓고 (feat.마부스 OF 일렉트로보이즈) (inst)
Jb+zrQSoKb59+5bFWQ4jZWU8iO0S9ZTnnijHeaUic4E=,SISTAR,가식걸
BSqJpkFo/v0FnV4wHzlzh93Q6+FQTOQ/iqPas44PRGY=,TIM,River Flows in You
snMkO4mwoYUnbZESCPrz4EZxr8TsEyItlAJokX/VWD4=,VIXX,Dynamite
T4KQgYYdhRwKID1I/CGGe/QDhbrQpZfeh33HhvZnZwE=,BIGBANG TAEYANG,Prayer (feat. Teddy)
Pqqb+vG/Jgfe4l26IVIaEPYEL02gQzeb3sxeyeKmOXg=,4MINUTE,What A Girl Wants
0EPmIGoD4yWBkjlO07g8J6pCvA8OM4DuFachsDxo3kk=,SunWoo Jung-A,A Song of Hero
YPBzixq3w7yv139VvUDvc9r6hOQIoFkktSWnF3E13rk=,Sing Again| Hera Gu OST,Aloha
6nN68xF9TpzwJM1LGeTZICo8GHFwZPBgGw4fijgr6aI=,B-Free,fly (feat. loco & s'way.d)
ohrl+WHGnr2ngByI2LP6l+d3bAlXQxw/MuNmfZV49MM=,SUPER JUNIOR,Sexy| Free & Single
vJN7tWY3EHkYUntyiRF9893cUu0KZRZcP3Goy6jf7RM=,Bizniz,Dead Great Names Society (feat. Basick & Microdot)
7xaLXxfdPM/Vx3WzO2Tlbllj5o9yvSkPdi0wVDT0uus=,AZIATIX,COLD
PawXPClQcen3ADqrIH8CrR+ifM6/gDuily8rWc1bNsg=,Sing Again| Hera Gu OST,Road#Lie
hEA1TO4RlxiQLcA0bKbywcA5ENomyj4QONs3Ipvjvdo=,Song Ji Eun,보고 싶은 사람
lL9vCyVPpxmkPnUdoQIkT1k1NYzH5hVsBh1HewZXv+Q=,Mighty Mouth,NICE 2 MEET U (Prod. by ZICO) (feat.소야)
D6q8FDztGM+rF6lhmZ+kPfd2tSkIIf/khcxCwqpI+xw=,LOCO,너도 (feat.Cha Cha Malone)
Dz0ISTfqpaUjXPVt30+5eHQicdwhvwy03NF8rReyTYA=,Topp Dogg,Anniversary
r/OIpouuBjGniO48CjsjhWpsj3ov+UD8g34voZfrfaU=,Epitone Project,선인장 (Vocal 차세정)
+dEzwFQNE/sTKoeSEhY1jqGmUB9gPOStOG7W/OdYFJU=,C Jamm,pr0ve
B9Iu+ohqNapYG4UpIP+NU9NTJpA2oT7I4SxSQzrJvfU=,Various Artists,Tomorrow - Han| hee Jung
DeDZxh2oCBFjwtxOFJHE7etTsVyfPO+dQ/Zik03gZIY=,Reply 1988 (Original Soundtrack),Dancing Tree
Lg+zFVd/GUP/u59vayh3wWwq2aCnrk72Eux2JcDGyOg=,SEVENTEEN,BEAUTIFUL
MUoljLXtJpeao6dh9llcZliFe462poZ5awBvtM/gEZQ=,Lee Hong Gi (FTISLAND),뜨거운 안녕
r+AEQrB53y3acHHQCaOGz8/NGSnl2/f9mvg58nwMZJw=,SISTAR,My sad lullaby
i4nnUAuoebG2RasH2ojcla1Snax4Ek/Qmn8yFmbkDDI=,Various Artists,A Love Begins from Confession
LQE4OoRuNa3YtS0TqsV37xfBQNMORtzhg+1LTINk9Y0=,Various Artists,my walk to work
5b+JZQsB+85gM9g/+7/zrBv4ZXO0MNYpzY+8apaLS0c=,Various Artists,Jordan Fantasy
QcREvvWha+kdclFkxlKB52w0MnLvzWOEpsH3XD8foqo=,ESBEE,Everyday's A Weekend
cXpKZPZfU5PFmvnHQnrh1Sag32BghbpqywPaEYHGmSM=,MBLAQ,Y
/VMaz7xp6n8sfnW8EsCYx9MyX3BG7GTbaCBuRBczQgE=,Ventura,Moon
Zcakexwdz0E93UUBGBpj4p7bz5e9GovHd49r589hkQg=,크림 KREAM,종이심장 Paperheart
qiSP7FrkvLhPFryQ4KCmVWlJ1BLgxUevMOL+IhP6s/o=,Kggen,버려진 기분 (feat.이루펀트| 라비 of 빅스| ESBEE)
ZkmFCwOxdBDoBGbDM9dnZXP2xzAgFtrmAAi0KKrdAhU=,Kim Na Young,Losing myself
1ZNjRTlOBJHrUGPpk9DQKhpQYSE/HxsUkVMgZ6bq3Pw=,Various Artists,Hurry
ovgSdHcvHvcoj6vq4o4WgDB4RUxZonDmJPzIaetYAUM=,RAIN (정지훈),30 SEXY (East4a deeptech mix)
qFBGd4eL1GH18/fOYQe5R0D5L8N3GAEdmz4SgsW4KAM=,Flower,Live properly
nLkNp976CjgmDJ8g5xxoV+KY5EKhyCoC630pc+VMe64=,K.Will,이러지마 제발 (Please don’t…)
vmPEp1XrjrKuEu7fiPa+hbfYKdz+yXLjamgiM2wpQs0=,Master's Sun OST,Last One Feat. Joosu
x8E+Kv+FzPqGUTJNd7Jp6vU+5qDJ6Rl8YmaIsHL5hLU=,Vasco,underground king
HAuoxeq5Ht4P5vYz7O2TAiQXrd5tpgdzO4J2CN+oXk4=,CRAYON POP,FM
Y334iwgO7rljwvLxlkRLvK2t446j1HK+9bbZAEoNjM0=,SE O,Fantastic
5ClDUyBOHe/4orrhcmVcmtO2+9og4HPaTe1Y+ZYgcP8=,Dal★shabet,Supa Dupa Diva
9d5JxsBnTPKxwgikCJk5b8xxkhNjtbbR9WcSG4akAkY=,hyukoh,Our Place
KsHKyLvJbej/d2dgNEMrstKk9QiW2KcbKN/VUsDFtwY=,Sing Again| Hera Gu OST,For Suffering Lovers
SItQDAPSD88rCKuO+X98p3DLTpsZBjXc2LyxJ97KPNk=,Kim Bo Kyung,Don't Think You're Alone
Wp0WMe+Z8uXJAVL3nm0BLG+2HZnJbQ2zTgfViIYCGnk=,황치열| leeSA(리싸),이 밤의 끝을 잡고 (LG유플러스 tv G 우퍼 광고 삽입곡)
kWkUX0mDB4znd4/+XTXGupRKQEYYzlD+PDrvuFmSmBY=,BEAST,Easy
UdxeAs3/W/E7clMVLTCufi3OiYCClg+xloD1crIjprI=,Master's Sun OST,Ghost World
7cHYiy5sPLYsz2oQh/O/l6wKXi+5MziOU6y8I7jJ7c4=,BIGBANG,Crazy Dog (Sampling by Taijiboys)
lwFTh/CzlJWhtIvnvL7R+Ws0K+iz8/o7t9kS8TVePr4=,BTOB,U&I
kZSETHTzEiTmrjhlPuTKFzuXeORhcgBdHJAoDDR+qcw=,Kim Hyunwoo,Love Blowing
c/ZGa4E3GrqCAyzXONC2O4/z9L9AbMnteEMICllcE0g=,Im Se Jun,However Love
sGf+BzlW/SOtSs91G4moaX4tD+LIuMNG1hFmDEvSJS0=,NO.MERCY,0 (YOUNG)
wTostIqrMvL6w16QsWUv4WY902jqHmawMhVw1eXusOQ=,Bo Kyung & Shayne,Summer Love (Duet Ver.)
yfIgJlxllvYONRbZLauBZ3WoQrhr3RuWu2hlKM4BPfc=,ZoPD,Candy
uyYuSlK9my+cDxxinqnq/W04WkiCcm7gPDT4iy9ecVA=,Nell,Dream Catcher
yF5W3NuDG0pZTK7RSpJsclNLoUJrOEc5tZTgWp81wNI=,Various Artists,달콤해 (Sweet)
VDCU0PhLakM8409JaSiFJqZr6OtDlQ+abk6B9isl9v0=,Sugarbowl| Dusky80,Cherish
X2ayXhjZxVJD7wzZ8vlohVacVyfjPZWLh456c/tSMDA=,Joa Band,If We Were Together
q8ucVbl0mRiNf4GR6t9gwssF7NFLU8uiSIZ49UnhUvs=,SEVENTEEN,I Don't Know
F1DuUxbf/VvanoCClJl3tDOZVN1L4s49YcGeIx4Nl4c=,BoA,LET ME
3Gu0rQsb5UvqSNRTWP2Gm/qadZ5vR9qCWWg8GvnWdKM=,Lee Joon Gi,For One Day (instrumental)
pOf20T1deLuH5DCyvNkpL/TXBW42ba0TfTYgtCOx9rA=,4MINUTE,BABABA
tezgwZDmLoNkUPfIwUDJ3BeqkELxOqH12kZkdCJM840=,BEAST,Sad Movie
qhk7TeLSHkIkD0gk0XPyGE0r/QEh+7vzoMy+tCPP54U=,Baek Z Young,내 귀에 캔디 (feat.택연 of 2PM)
xYMnKcrzmDT8PNkKWrQoRgM0dEyk7xW/C3ajaxqxhNY=,B.A.P,Rain Sound
pSlDdZYCEQ9FaF/divDcj9Y3pdpOd656OBn+d9yMa/4=,Casker,Undo
0qkc/YmVU18E4EvZWokngykwm9kj5aiKemRwUDjsd08=,IU,크레파스 (드라마 ‘예쁜 남자’ 삽입곡)
c05QDEu0FhTPW0/JVTMrRGeGyAfQEGnFINGW5x2qgwM=,TAW & HAHA,사랑 (with 개리| 김그림)
GoJWKJEL3R9PU5X5Fvde/A9LSydNDr0AkZOiEbeZDXU=,Master's Sun OST,Ghost Tango
6E/Xi7QXBeoyiytODKYqTQbGaIxSRz8g9lbflWtsBRs=,Vasco,Whoa Ha !
w6K+M7+c5YSZnjN9vvuBG5BYsRUhvMVtC9gxRZTo+HQ=,Ahn Hye Eun(안혜은),do not look for her(그녀를 찾지마)
+UKGeVXrPARFTiZQm9/awv8iSNFGDifPVddrSrHMpLU=,Lucani,Shooting Star
Wc2mbXZCKLegQwqz758fojS5NA1GrpdhXWGnkEN5gzo=,Various Artists,Confusing
WYdXYwVIwkIGgfTTA7rfh5CjZMDX/1HsYKvMnP9LWr8=,BANGTAN BOYS,Attack On Bangtan
36Nzftqc6xRHj03tmuxuZyGpfdWR1X7FyuwlbydnUdI=,4MINUTE,Change
xdqVMXU5QiPbWiv/UlAnqOf0v+A7DRgbhp6ISf4g5DQ=,FTISLAND,사랑이야
TRgh8SrUtWY/mnIQfZGCqvpGpAFrauU0SFL1Y6cy7EA=,BoA,Kiss My Lips
LcSaLwUIntsoukWeRR58t/U7Yx3WpXMukmBvl14vR1w=,NCT 127,Switch
XkKIW1XTei9bcoAoMN/SftyOfi10p3SnMZu3mpq4loU=,Park Hey Kyoung,Robot
LqdFfzc6bv3kTm5QhSwRovSzkadFKwP9GbDsQ13o12Q=,성훈,The Justice
6jded6D0nrLVAwuX0hw9LFqOSLGkfzW+UaWVIJpWrI4=,Various Artists,With You
IefkWAcgnN+w0Ifri3bsWvVm/PSLUVCDCyOcGNUqzf0=,Sleepy,기분탓 (feat.백아연)
ViyoQSrLN72Z4PqOqrTB21KppK7Yplbx0Y0NAU+j2GQ=,INFINITE,I Like You
2Cdm0oJ+oYndWreBCkWDXh3UZvVFoU/gG+YiHSkRyRk=,ROY KIM,Stay
ncpEP7Wi2MqiJ0Fd4LjmXFPdAiU/NcnitGlYDkDUSxg=,Cocosori,Dark Circle
S0Gxvlh+0gELdV7P2eE4TdMX/EK4qp+9Z6UxqA7XMSc=,EXO,MY ANSWER
N5UwSO7mFt6LKbYAfmIYgYjpGH0OFNGcYccxu908+y8=,Beta89,Youth (청춘아)
ynIXW3GAgHnvQRM/sgyoh5DaEbQSiRkPCUkYm7U2Ih8=,Apink,하늘 높이 (Feat. Joker)
oXAHxQ2NB7AmOuWQjX0yVEnDUG9lLpjStHe1bil9o2Q=,Yu Jun Sang,Love & Hate
iR3FSfAeknnZO59lU+xlAxEB6apNBP+gcHXT9EPaYQs=,The Lime,Because I Miss You
zwdGgqYIM6EwuvXBFuTA93udgu06OvXEm5+pd0viufU=,BTOB,Imagine
tvzTWfaYNFjKNsM3lymJhyj3NtQmn35ifxERQN76hqg=,SUPER JUNIOR,입술을 깨물고
zxcWjqlJyJxZEuFyN5NOy6O58aZPaMTzy9D8Y73w7do=,Thunder,In Time
daRLz+tfyNLvWilQcLYMrUZ4Z2h3tgDMb71Bts9NLZw=,Apink,Attracted To U
Mk6Uibo6ZUaikXD6GEt1LkwH3Wr+cYBcX9S51DUfRj8=,CRAYON POP,HaPaTaKa
jJiFvXvm4JSQ5mQpFpazVQC29ZryzNed1213wPcb2aA=,Park Hee-jin,OH WA
GSfHHBr4+denOdi1qG7x53yo2HVqkVoS4k5aaBN+EeU=,Various Artists,Dream (Drama ver.)
KKO96+AXzvx3DijhegWLX1Dx1T2UNnxlxFRs0KSEbn0=,BTOB,One Sip
T3B1VyU7Hutu0lAhWEHzpRQaIc8dIFrpK2T8N22aM84=,Sounda capo,안녕| 그대여
MN1VxCy6cUrMDKdlOpQi1XbCyDZggaY+JymwUocsTvk=,JINNH,Stayed
5kZUKRGuem7wRiNujCpNAs9RtarnXwNC3gBsd+9rmUs=,AOA,Without You
wZqRSL0pFZiqg4fycEcff8vB7mVAwOc4VRiYTvf+gzk=,LEE HI,SPECIAL (FT.JENNIE KIM OF YG NEW ARTIST)
tMe14diLOc8q+/6f3OEdjBmqigF+IzL3FKRsNfsAZLE=,Suzy Bae,Ring My Bell
1JbJpKJiQcL4lnqbG2Vtn7rBJ2an273AqaFSoecuHlI=,LeeSSang,변해가네 Changing (feat. 정인 Jung In)
oXQs+Bl0Yk/rIeB/SJjRCzaXfOj57p9F0ONORdqT3KI=,U Sung Eun| Rooftop House Studio,500 Days of summer
9hgzMgD1v0BwJ09UeUa7uG2GztVuJndorAyUGahhdv8=,Teen Top,Date
SLQLXa8vc+TNDXfSrZGinU8wpA96UkCI/+IXIYgWtvY=,Apink,It Girl
8ptbg0DblEQs+Gn5amW3zadA52XrRStadEyh22JO58E=,BEAST,Wasn't Me
kR0XdfXnhEvFo1E5aMZ2rgOsawWlQzbT4isNHJNdr+g=,Master's Sun OST,Enjoy Party
6g0+P25CLO/skydE18Xfo+mJPFKJzJvS18UiIgu1iaI=,FTISLAND,여자는 몰라
U7N7BSbZGFUwHpzxP96gGBfGTRvMW35Xua+ohAV9VPc=,Han Hee Jung,입맞춤| 입술의 춤
fgM88P3oOzZQlANfuVLDw3ziNy2gCpXyHGQWgEOkh58=,JUNG JOON YOUNG BAND,Lizard
+zgKuQC5ZqolpjvokXs0og7Y83HZ/pZUklzuCvkegx4=,Meccicco Ssosegee,With you (그대와함께)
/P+NcCeoaCAhOKYo+/rKLLceEQO9YBovcBtq7cyqqYg=,2AM,I Love You| I Love You
nGGYJhUelsXtE5fNZhZEKQyK+vipDBpgadBG20flxUk=,Lucia,look of face 표정
trRyvM1Se5G5yvBt6jqBRsj+TBHbr4ZlfgdpaA9qgII=,LYn,그대만의 것 (feat.soulman)
K1VtH7l7b7nROX8XgNJyUnw6LHIH9CBfOfy+XzOk6ek=,Yong Pil Cho,Bounce
za5bwLmtZZQezdMvayxyBiP4+iM8GjCHHioEXNgT3+s=,Electroboyz,ma boy 3(feat. nana of orange caramel)(ma boy 3 (feat. 나나 of 오렌지캬라멜))
cUgMYxOt529Q9TyaX6yNDul/pVR1NNm+qgGV0hplgyU=,SHINee,U Need Me
Zy8pYxBSETqHYWt8ToW2PrvwKjY1n+ARgct8SO9uYIY=,HENRY (Super Junior-M),1-4-3 (I Love You)
S1rKxil7wrhsD+ebwvxtxbEV9gaBgkIqDtK1nAmNTYU=,Various Artists,From Where To Where
RYMnB81ps8CBTASNbt5wB2U2G8buiLudCsP46uCcMWE=,Ailee,Why You Think I'm In Love With You
a63bCxAv97um4Efk7p+AzuHxm0SkbqcpzlBs8T8C1Is=,t Yoonmirae,This Love
dki+MaL7vAGip6T+IXxpcy5c7qnAuveT4Nw9a5wiJVU=,BTOB,Endless (Melody)
8VsG06u4sEqkrR0TPOsseygNJPpXJ3GJ/Qkk/DIUmMI=,긱스|소유 (씨스타),Officially missing you|too
1ZqWZiKGXsBDpgQsmb4uhgQmVdQwddewGxqCl/S9064=,빅베이비드라이버 Big Baby Driver,38|000km 너머의 빅베이비 Big Baby Over 38|000km Away
0C83AO9p+AkVMB87dHj2UNZzt1wQxB2m8ZlcrHTE8Sk=,Cosmic Girls / WJSN,MoMoMo
/7EiVyHSzmQx/rU/nRgefkWlrYtZgjcBDiKw1IPp1iw=,4MINUTE,BABABA
IFyFws3RGIL6nC5hHwUEOuOAyronl49eK6RZ26vbde4=,GFRIEND,TRUST
D8LkVARoUJnAgYXxPKvfPQecrFWsWuBCxad9HsHVgCU=,SISTAR,니까짓게
7taRttz8xHeGw73fkOp42KmLuH+Cx5+sWYWmVadsRLc=,G.NA,At First Sight
cmQihcQjtFVkHC9SK4JZVzXBXZnQBqpSB6kq5MFHC9M=,Various Artists,My Love
YBB07ndvkBle9j8BtgG3FwsocmTAdbekJZvJ/Eszp5I=,Hello Ga-Young,Estranged
rFN9rOWTa/UGBUcTENvjchCNQ+HuYuqohCFQiUbyxWA=,SHINee,Excuse Me Miss
YWmnLvFRwTicr8flt/mZ/g50XbjcB4mxJ14P47Pbtx4=,SHINee,Dream Girl
opnsuOThJTbKZ68+rTGlFYeaB6xg9FjzhyWvahg7Uw4=,SHINee,Destination
CQsfJn8vCBekxVzzb9y3u4ut/KDOgjE+8GSfPY1+Yuk=,Jay Park,Evolution (feat. Gray)
A4eukLl+wlJ8xvABSFYRkh2UyViJ17JmdXhpEMi0zPE=,Niel,심쿵?(feat.주니엘)
shaGmxeZXtMSXEexofRMcNra5+wMwulRuM8hhQpq84o=,Jay Park,I Got This
1myDWqabD6DFpSU/YmDs6sWPNMZHCoQXJiArlHM90T0=,Electroboyz,hot
DaW5kPJ7cbDCbP1+Mp4LQazkzGoWbVmdrTKeS9uO/d8=,Yun Ha Park,Day By Day
WIrUlutSqUrEjtlVljx8HHshD2v9Iv/ZEQqqLAkcBjQ=,HyunA,Straight Up
2CCJ6PfCStHysPgsf+/1d3vVMJGzgVB0s7ZIvlKcgoI=,BEAST,YeY
jSZ0ZTjrP1iFOnx/gTf5shEiL3XXqqHpKwwEyslAfGA=,EE,WIGGY DAWN
sbAz5qnpzo+u5QHKcHsD1K97kjPSemhWRwOvyHsamAg=,INFINITE,MAMA
X+0+N6yRBbwY+OQj9iNikTdWrgpahUw6uOFt9BRgUjI=,EXO,Black Pearl
w15umskigH0v0NOxB68iIyYf7SJs4woAnR39fLPxJDQ=,Min Yeon Jae feat. 4Men,Airplane Girl
09vB91HgRUdxdD8F4EqnNscoB3yjuZgMb0RslkBCJq4=,BTOB,Hello Mello
yshAwQjPUf6w2cThdATp6YadYd1mjwCo75hbGyP8mCc=,Various Artists,Let You Know
dL5t2v/lcv46/Zdqp+PdzJMWUziDQO5y6652XV5h3qg=,OH MY GIRL,Midsummer night's Christmas
3fOnHj+EzlEEqn6zKUWKfdYlpodLN96FK4lP3JNkm3A=,MIRYO| GIANTPINK,Money Making
O6p5jm4Ta+x/9Km90xBnZHeouJ0eoSgA2vPxP4UGqhw=,Melody Day,마법의 성
JkrjEvVjvYN0cOKqhTCx+3Mat9WlzSyjB7xxjgHZZ3E=,Jun Hyung Yong,Caffeine
DUS2hztgvL0b9ogeEzaJNfnFOJOGse026DCvJ0py+TQ=,Joonil Jung,안아줘 (Live)
iHP1yB3p9gEBZjeBjWVCTzX2G15uY75UtCAGd0qTjE4=,4MINUTE,Invitation
0IFZeZdSDCXubAFQPRZw0YAXmvqE1stK62R4Yyp33zA=,APRIL,팅커벨
Y3y9BFVI+6d9D6wFjnaSKXEjt6bCZutIQzHTM8SpL+U=,DAVICHI,생각날거야
NleJIDlwLtRfk7A+UmnN2pi11QPdIIPhE4rG/1ky0NU=,BTOB,Color Your Days
XsP2zVw7wzY1OncTrazPR6df7yFezKt9Ek+afAiEh5w=,BANGTAN BOYS,Hold Me Tight
SRwryfdsSph2Q228xELPJlldIcnZThM7oIZ6vE8NhvU=,Various Artists,Up & Down
WK9/OU971JGib8gl/CRESVL0YMhOVQ6ENKgcdMsBdJ8=,Big Brain,Love| Love.
Q265aWW4oUaLY55d+IvZ4TPZUUhm2X8O361DpktvQWM=,EXO,Thunder
FQFsoM7lPVjoP19BorWXIc8f0LGLqtKHwlJdKVDCuw0=,SHINee,Don't Stop
ZFoC8dEPCXC7osGG2jZUQay9PCCQN6BaesKtUKv8ELA=,IU,입술 사이 (50cm)
1htCHAMxOO6N0nZPQhQXFlVbV5qaNpIbdvHcPBjwCXc=,BIGBANG,Remember
86sdeYyfEtgiZTYe1xBJIBJntIefQowq4+Fn9EkzxNE=,BOYFRIEND,WHITE DAY
VfdeajoQa4998rlSHIXpEqmKmcRO5flA1IFtTMUYVJ8=,t Yoonmirae,Who
fbgbOwIqank5VNaq2XkQ1OhXZ5zH3/av38zF9pgJxJY=,Teen Top,손등이 스친다
VxZnVLmPBUXOJ5z19CP7PE+U8S7duqu2xm2qBc57U+0=,ROY KIM,It’s Christmas Day
63AJjT1xE8ZQQ1xvRQqkdYphHXNjDpiyvhW3NO/rxdk=,Various Artists,Without Words
swgJSYHZ2wAV8ccaCDhpLQaKT/2/dyUP2AaCH1URkBU=,BIGBANG SEUNGRI,Open Your Mind (feat. G-Dragon)
lFpRr4v63BN9Iu1AO6gIeDk9h51ou9/V/RfyxGmUpYg=,Teen Top,미치겠어
4iWCHRlwgrlx+Sdi2avGDSfiKqcVEnxf2ss5/uYrBt8=,Lee Min Yong & D-$ feat. Kang Ju Eun,"Like It (From ""Love in Memory 2"")"
M2ouWjFTpHFxVmk8QPEswUco4c3fzjinnUGym1RS7yo=,VIXX,Can’t say
pTtW1Nj4Sr/wxhBw3GwvPBiU3m5ZvghG64AdjPg45OE=,EXID,Up & Down (Instrumental)
225AIkVcz/Pwna0nNN+Z6c27UAX/3w+7gK+xfDaVKdg=,JONGHYUN,Fine
6JLoe8V7eJNvppGS6Zm/kqBkzWEfm3qT37ixNI4Ef18=,Jung Key,바라지 않아 (feat.소정 of 레이디스 코드)
7i0lQ0s32+kSx28MREH4zEct5ezK6sNh7zkUZ+C6RsQ=,Various Artists,Anna's Appassionata
+pPuwfQfKNBCt4xhLe/gzOuFS74AB9XAG+FaYAY9dfs=,G.NA,Oh| Good!
zZ2CbZNLywi19MQsBMq0N5RrM10QNlDgf38jG8YI0gk=,Shannon,Daybreak Rain
cyxPUM7UeOHRQRK/G/iLwHlpsnaskJHEAiSiO//Bs2M=,AZIATIX,Lights
ztqmZ64a7wmJpcmEVzHk54bVLJ1mQFfTxGr7uNaSMO0=,JooYoung,들리나요
Kj6bKgxPfSdQYldV+8jn2sDeGMXg+gWhW+MMTBt5EdY=,HyunA,Get Outta My House
XNUxqAjMJ3/Q/pWm7MxBpK8NK4GBinIq45JfdfD9DvM=,BTOB,For You
q/38Yxy9Hevfu+aOI7P1erHd+dDbcZ9LvdbLzQyzI/Y=,Block B,Very Good
bJyWphYAn5TokyK+OHUeAweFqmqMpmGvihvCErNaoQU=,Jay Park,좋아 Joah (Remastered)
4/oO/wd7EX3Oz/O53RxFju/u/HLKkmLhsrIqzV2Ph6I=,SUPER JUNIOR,Super Girl_Rearranged
s1xKkbVgUN1odL1H+8nccdDrkEX/vKx7EDd5CJKMgV0=,INFINITE,Last Romeo
c3bPubrGpmlfQVunvVsmjODEWMsc2G5OS3OsKyYz4tA=,4MINUTE,Hot Issue
vEo3CQlLqak8V2u1GLFsw5tWQISnAaS5lTIkTjZmsAc=,C Jamm,걍 음악이다
Sr8kItFBWmDMwwM3lTfIVhcrQe39e4BFIrfpHrOFsvc=,INFINITE,Real Story
kH5+9oT5ZtNGgwDPoC+0jrs3CfRzxkd/nyoaXeJAPuM=,Marriage over Love OST,Farewell story
/lo6K4W+14NuN6rVk5YT5B0u75DQPUfdR5uIR1OEwsY=,Gummy,너를 사랑해 (Piano By Eco Bridge)
T/Nt/HPb/IM4qHgj/SDyJcHd4JaVC4PtbV4dNKyVxWk=,Marriage over Love OST,What's Up
zCoPwtIqXr4HbSZ0qkjdDV0lx7vqxcxsvmj7qmUWaAk=,JeA,그대 바보
jzN9YkhY5uffupBE/G2AeK7CZgUmmT2HVylkkC876UQ=,Keon-Mo Kim,Shall live when I die
RKBZr64V5SZ72X3pHpAJjQyxycBlwToywpgeApZKdgE=,Jessi| Kim Young-Im| Crispi Crunch,Kwaejina Ching Ching Nane
CNUHRAgtI9Zf5YNgd6HAMz9K9NYOupZHbgTRkcor+1E=,지윤,사랑이 남아
BdcvzGRO1D1WyqbadvwQw5WTfKl7TBQOTqXUCFlI2Sc=,Jungyup,몰랐었어
HOMMWwfKIa5QTcT+P197FMI2uvwRZrSLwQmYIbhCoAM=,RAINBOW,DON’T TOUCH
tckhgy/2GhWdPJdzK1F0hlebS8YH4S7FiQ2j95OYd5o=,JK김동욱,버킷리스트
6mdOlSQHlBSoIWahWAAnQXUIeICUiwzdeR2+LUX5PQI=,What's UP FOXY OST,Like Me (Byung Hee & Cheol Soo)
SpYFoBzd7YlV2ZHAzmPE2eobU4zKVFOhXXFRoG+4VyY=,RAINBOW,Click!
wnEbAXuu95u0420wRKkELG7xC4TR+TXEmfvrMckRV4M=,Sing Again| Hera Gu OST,The day I meet you
2RoaQfki7qJUZcCXWQvZtQqTYmynuQCjF5lg0q4cwwg=,Kill Me| Heal Me,Who Are You?
wZRAsIWLlYZBoKsL9Althck5a57eeb0hJ1PcowGZXks=,BTOB,Thriller
dpDBGftFr6CL69mQ5+ejaAfi+jYN96wH0dYktLTzxUU=,SISTAR,Oh Baby
91r1PIv0Vqs6VhhcmPCQuT/GsUjMHmdC/eVTXAu4Oyo=,Jane Jang,Secret Paradise
fnnk6hVhXwNYnoHYnK91UoWakAOD2JGUJRj9SKgnzvQ=,NO.MERCY,Hieut
ZuFNs8sDsAkpH5l7hY2FYN59Xx6h+isg4DORzhHq+UM=,Basick| inkii,In The Illusion
7bDSIQbKRDvraEyflBvtRtEnQe88eh5tLfVCoU1bA6w=,INFINITE,Julia
TYj1oedaZQp8IFPZI58NlT27325K0pcvMUVXtcKW/k8=,4MINUTE,Sweet Suga Honey!
lUGO04CZECRu0OmXX9rIugfmxHFpiqPDIgrHDje4oa4=,Jay Park,사실은 The Truth Is
Ld/6eg8pmURQU4y+fx+aOYecC1B3OQfD9YqhUw2I1Wo=,VIXX,Heaven
rZs0+HgwlWV0PEsl3AdM97ooVwC4O2ScoVNRoTcCiR8=,BANGTAN BOYS,Skit: R U Happy Now?
Z/bvjNsaBqy5xRfBxb6ZVFV4FLj7Wp6k/e/WTKJKlu4=,Reply 1988 (Original Soundtrack),Butter Flying
w13tbAWczkAsgOVtPCSTw0U3NW9NPp/ukPQLEJwRYm4=,SEVENTEEN,어른이 되면
FJj2PcbBE/3+fy6N5ueEQBAptefcDA9MpHMISpKTtvM=,Swings,a real lady
6f+i/CV0+90GuSoPydxZyVVhbUicS17RILubKGvsTs0=,Secret Garden OST,Here I am (Piano Ver.)
Tj47SMe+RT5Tw3uO8BN2JM5IkA/nTQtty6i6SA+LGLI=,Baek Z Young,안해요 (No fear)
XX0I0m8NHI0Er6yj9kSFvdIqQTBU37IxMN4fxdUH3SQ=,ROY KIM,The Lullaby
WJIu7qB2+H83Om/vTVHOPrsXQP+tFfW930OXeHzsGFY=,B1A4,WONDERFUL TONIGHT(UNPLUGGED REMIX)
ESKj+U2gPRH+MBwf6l9A2U85GPtKU7UKSgP4Ala1PM0=,NS Yoon-G,I Got You (Inst.)
YfRZrC1uRO7dCK6J9SPvahS8TO2DVRX3tg4iCJs/11k=,Various Artists,If I Meet You Again (feat. Monet)
IX3Q/j9I36mAQ2AxuUThE2pbcud4d14lPGAebmQ6y4M=,MONSTA X,No Exit
4yYqzHePZ8JW/4P0Vu5BFvnOgkXsNs7uDApz4hhR1YA=,Jannabi,Rocket
hRxLPSSUJXpK7fJFFRatn0WTdzgeEYpl3gFcc993/Kk=,MC MONG,죽을만큼 아파서 Part.2 (feat.스웨덴세탁소)
5ah5w+vzjEZOYs9m40OoHmHxjonFOfw9ZV6Srg14b+M=,Linus' Blanket,Love Me
tvbMnzvMzPBe8gGCU9ppDZdvUwpWA2drnDIii/wwFbg=,Girl's Day,Hello Bubble (inst)
jkS/tPdawA/fNAe11FRRygrptALSfEf78Xtsl5hSle8=,Sing Again| Hera Gu OST,I'm In Love
p6eszlY4ZJJYsLlaqCOgXkh9fct7f3NXzAWgmuoReOo=,Baek Z Young,비라도 내렸으면 좋겠어
VFog2auqCBOsdHpYoeeqCNw4mywZF2jbn+8BTDt2spk=,Nop.K,nike only. clean 나이키로만
uU1NsSnU51LoMPtgSfSjNYBJqwxtIRnZhJ6H+JiQ8T0=,B.A.P,YesSir
Fcp4IbG/pFuW7OK3LXE0ybbKxxXrT8d3qDGmTFATyVw=,Teen Top,우린 문제 없어 (I’m Sorry)
V9IJEicDdML1snIVBWPq3E9jX7sEAlNVczSyIgqNBDA=,4Men,Go Away
2zOcpLLGxRTinklOGwvOU/RnQIxHNyVnH1QJqBq28uA=,Nam Woo Hyun,Stand By Me
/XWV2bEou8wAzKPbcEiv17yddGJonbdpvhUupBO8LfE=,Giriboy,I’M IN TROUBLE (feat.로꼬)
N5+1X3fYIQ4JMOCVeGT02slACbOBjv4VH4AhP1Lpaac=,YoungAh feat. enu jong,Break Up Notice 이별통보
s6iR5YQtasUIKsSY/q1JptKTrNAAaAn7gHe33C0XVVs=,Various Artists,Just Quit It
7IawlzhPQiSyaaW8nHUaH1UgbkxDHm90Qh2cCaw5iw4=,Younha,알아듣겠지 (feat.HA:TFELT| 치타)
Saci/NJf4ibcFMBIgqwAfAgHS9ehJc3o9c3HI35gBYw=,RYEOWOOK,더 사랑한다면
yzQw8zFJAfKPFdKYmOKy2w+aQUV3ue2XJHtuOyLWjeA=,Various Artists,Good Bye
eLGqYYk3WEFay+PSKL8IEJJblW8+ObWlPYZOgWijOHU=,SANDEUL,The way with you
jNeY49JoLD+WplgmDAffwNofH5heQR7W/C7y+tpIkaM=,SHINee,Dangerous (Medusa Ⅱ)
WDJONeyDKTo5FqFj8EYvzFAXZrLlozQSb67W3pPcBmk=,SUPER JUNIOR,Oops!! (Feat. f(x))
VA9dresvZuFdkPiwUZFxLbzzbL6TWH5dnaticaVcwRQ=,디오 (EXO),외침
sisjWEjuy/xDinQ5ONa0DvrFESxQEiBIBja4p+g5/TY=,RAIN (정지훈),Rainism (Remix)
TGvud+ffIR1eB/7pmW2F4oOv0Fdw+FTsyHrcVpFrf9k=,Various Artists,First time
vigrP8o2QFMdLrfeg2mxbjk701qVzS3imXON7iP1AUs=,Taru,세탁기
BICrb5RTS7HOw9Sg6OKLQ6YXRMRiMMCykzqxqcrWiBs=,Various Artists,IF
Ke2Xb3M+m1G5huPavkOBkeJD9WHh4YA03N7JEAsKPzg=,Various Artists,Sorrowful Ghost
w4Zku7HxtkAKl/BB8H81ZfWOXwnnmVbZBvFZeRPuRUU=,BANGTAN BOYS,Blood Sweat & Tears
8Dq5zFovgFMA+AGKN7sv2ANObHuamu5grHf1NkCOLAs=,Various Artists,Hello! UFO
v7UzXaEGQqiHE8aAXsBsS8bC0QkpTN3IcBgsH2c91Bs=,Yezi,미친개 (feat.San E)
qfHrhkl//sMPzvpk9FNOanMzIQbdIBNUVrRpXzIG/Yg=,db,inequality (부등호)
R/9RL4eEoG0AplySlLYQAFU/UINX71uRuyX7rzrk6wY=,APRIL,Snowman
LTCs4rXO5ioFq77tgbb+4d/PZLcgs8FLlMxQz6en9BU=,Tiffany,Yellow Light
Q4BlCJhqOeqa1flYQz0Hk7alxO46IXFrl8Ha4bjFimY=,Ailee,Scent of Woman
ZVeXnBisvDqDssU8iIYd1nXi63QXb84A1G/etoKJuy4=,SHINee,An Ode To You
E8pLfRVP6k45Qnfxc22HctFtIR7BssuEmOTSM3Jxc0s=,Ailee,Live or Die
GtbU7C2/GDSivSjLZplZ4kBY8B+5hrneBfMeTiOQPt4=,OH MY GIRL,WINDY DAY
kF10gaMWOD4II2BwC6Lxr93Im5sPvr/DgN8MBvwNuZw=,Han Hee Jung,멜로디로 남아 (feat. 김종완 from 넬)
B8GVdpPzB1UStmj7f77wHc74bmRav1KiKwnGs5NvXF4=,PARK Sujin & Electro boys 박수진 & 일렉트로보이즈,shaking 떨려요
7I1DrhJ6vJGuEQvMFcuHpvY6uWuAnJ4kcP8CHLpG2ug=,BTOB,Killing Me
WGg46ZMWMBmTRn2rl+uaCoJEyboE/lP3AU3QKrw2mP8=,Reply 1988 (Original Soundtrack),Flower Garden
W45jucIPQ1Uonl4TxUCfpc1DepudsAzHAe3DKNj0jz4=,BeBe Mignon,Oppa Babo
BYvGzm3JSzDux3+qsFcpVbGQXtDJjy4hKGjMZyJGhY4=,SUPER JUNIOR-M,Addiction
viaDCa3uNWaoqf0Y7VerAurVWwGDCfFg+FdCmYC1lVU=,4MINUTE,Show Me
sA/+d5H2hLR8Urs/rKzEdQ7ToDhori9a3lVjdHAhGG0=,Jay Park,Count On Me (Nothin On You) - Subman KYU Remix
1+uXyzT86Lcc8Nm6YpSSKOVr026lpS93Mcx6+0fZmig=,NS Yoon-G,Reason To Become A Witch
AyuAdMConsCPsFyTIxNIEALJWGwJF6a5Jqy6QjK3Eeg=,Block B,A few years later
GCF5cp6N9wQuzX9hiAm6PTCo2tDmdbgSQx8wShjfbvE=,Master's Sun OST,Out Of The Ghost
twkUfO5+1JumNfzV4qwNOXhgoFr4ELtPqkzh1yUtPGI=,HENRY (Super Junior-M),Butterfly - feat. SEUL GI of SMROOKIES
iDdVL6Oa3dJ4MG4bYz+Nsz3EulQZz8G6vnDkDLmDpF0=,BEAST,Gotta Go To Work
zPWdLRdzUP7NrQK/C8r73b+a0OimxDl/ScLp//JFNYQ=,VIXX,Sad Ending
rcyzFFp3XetNBN5Ld42lDlp7s0HHbJzat+XPArjF5YY=,4MINUTE,Whatever
KbqCEgAdAsKChDlYjWaRqk+WiwMV3gD4luS9YtWE2PI=,The Nuts,The Last Love
FF8TGbXG4xInj4zO++e3z6XYI+E0wNuHWQQJlpvZF6k=,GFRIEND,나침반 (Compas)
y3Ro3DrkM4GGkqH/k8dH0wMyLdGLUYjJI4Tm0z3+2fc=,BANGTAN BOYS,RUN
kSlIXLKrUxRf7I9TkgjIfu74P/H6944hg41UPn6LvPA=,LOCO,RESPECT (feat.GRAY & DJ Pumkin)
xf7LGopqYgsYD2V5Xz1+Mrotc6tktE4J723wJiu/zts=,f(x),Love Hate 
EjNZHhkf8BFzBU6h+uluRUTWbVCvDEQV8uHRL1JRHd4=,AKDONG MUSICIAN (AKMU),매력있어
nj3g6rsI92bIm5+A041gL+wMi76qe3zjh3jWcojAM6Q=,Various Artists,Shifting Hearts
e3+ZR1QiZv9KGpYZpfrfDb5zcdrQ4BwFUTcwRGJB12M=,4MINUTE,For Muzik
LB+zaSFBNcjSdXOw6M8BWfufaGq5MExgI+7H/LIF4k4=,SANDEUL,Stay as you are
7NdwrgZXmclTP/MCoV80L/MQWWjseyIojUKAefrB/2k=,INFINITE,Amazing
6WKnrIFMS/r2jNu6gR2IEBdHYIHy1FStaWFRgwUH3VI=,릴보이| 베이식,돈돈돈
uaMN3tPrvmCq586uZOsXxCuKFjeXTyzlgKMLEyyOZBQ=,NCT U,WITHOUT YOU
rO8URjqVL17Igk96X8wH0m0nuXhvs5c3ZTABc5JQAek=,Rania,Style
/ztXe9LO5MPM3ij3gIjSM0GAe3YvYvB5IeBPuZk+6vo=,J'kyun,Bad X
IvFntcKbWIh5lJ+PNAShjCfzv5Na4BwyJzP2+5mzboU=,Baek Z Young,Don't Forget (Acoustic Version)
KZeFml3iuqSljeokzQpAljRrH/5TDirH4qkOGngcSe0=,EXO,Monster
ftMwSPnrTDuHR/VBDEeQgtxcA5rbL04QDJcXseh6yro=,Donguk.s,The Bus Seems Slow Especially Today 오늘따라 버스가 늦게가네
EzlqkWN2Fth2hpFSYSTF+lg7uHgU1iSXkaOch0DWlH8=,f(x),My Style
ZORDGoyHUiKnOXm797wZAP7M0ZTFtneOiDZ9EIBnxWM=,Sosimboys 소심한 오빠들,separation restaurants 이별맛집
mYTdZAehawE3pzkYQ5qSdiR8drYtRPmdHTBo63lp4ss=,Sing Again| Hera Gu OST,Oh My Love
bYwqUDWkH2sxvjMZOFuhx3TQNKK7V6Lt0aydtJsuzGA=,Swings,On My Way
+IRuaK55f98JZpPCg89Sn7iyWB1Mb7fUZLOKa8YWW6E=,VIBE,A Lonely Guy
bfmcZKFGRTE5uKLmv5KZ6FI1rlsdUaQS/QkNofBhHxU=,EXO,Cloud 9
Y04GWbVI7AJ8cyFFYgu2EB+bXOdYjJDCae2YbR4EMUE=,Kill Me| Heal Me,Strange Feeling
QPxod1GfecotaWqxnbp4lZ8rUe1/wvd4wO1L8p1ftSE=,EXO,Let Out The Beast
SVbOmi1nO9AQvDRzbsUW82XfhmTrQDWojxXuni4pizo=,Ra.L,I Wanna Sleep
YbflC1PV8JN6/z6tIXGrjNtfT6eTlt6co4nnIY4zXo8=,DEAN,And You? (Outro)
ZckRiOtZridCZzMEpx75HKRuMVbwj6ITIK1981IWHzM=,J Rabbit,봄이 좋아 The Spring Song
biYt64kg10UDAgaUGx4ptVT41hB1F9IrvBSXwlu8apM=,Teen Top,쉽지않아 (Missing)
oCGlNtIIqR4aVV5ksvItuA4BgpIC8Jjo7AEzn641wEI=,Lee Ki Chan,Watching The Love With One Eye
0z2+AUE7SdPTXq+6AQwOQ6iHMRWsxvVM++6H9cs35OM=,Guckkasten,Mirror
5oOqIihv9gyTCjh9rfQeaAedAMeboui0RuZfdhsSaHI=,AKDONG MUSICIAN (AKMU),How People Move
NXTBdX9aUZcpp/0SqtmN+njD9D3bQVLiur2a9a/N+HI=,Apink,Perfume
dnQK4vjsm9Pi9v87CaO+f5D7IVyKkCf2Rt3zeQ3aLCA=,3rd Line Butterfly,김포 쌍나팔 Gimpo Doublehorn
sBv4L00zDRETnv1OWaVR3v1QlbzjmWUnBLVDlHcOunI=,SISTAR,있다 없으니까 (Smells Remix)
QXsrl8i/xsn8JITbxg7oxXxmOCxSOIzlgPw7hWQkN/I=,Red Velvet,Rose Scent Breeze
+5GYvRhB+D0tfuvHcLBYtg6dWA8+QquBtYPxi+zrBnU=,Fromm,COME TO THE BACK SIDE OF THE MOON
OcfvtaHyhsx1+WUuTlKf79n9RokSUJvvISWQbq5g52w=,Diary of a Night Watchman Original Soundtrack,Only Tears Flowed
htNwgsiO75NnowfUojtfOni238JKpiY8cI/+2p6CCoU=,EXID,Todak Todak
5ACxnQR7t9771b2XmELQPXkRuUJNpQkoj9dp1wPizcQ=,B.A.P,COMA
24jCxY0EhbMG+IRrnJi1hXp8aq1oOzkADgZTVzkSxss=,Various Artists,Smile of Blessing
FmZNtsUvrMZN1EHuS3t6oKUhYVgRXK+lohTNpf2+pK0=,LUNA,Keep On Doin'
tp7THNyPlKmVY75Sr0eloI/ZbCgo/+zXzDHN40fBw9I=,The Electriceels,Honeybee (꿀벌)
AZsc+VKQQeGmueK2nruiY2jjW9u2mrnAL33T0u/2nCk=,Various Artists,Slow Motion
27flEiMU/4b+xwf8U031atmXuDyp3zeeG7j7MvhVVAg=,Various Artists,With you
35aOe9fd1ms+EkBQIUnF6wZEJqZw4tbJjQifBHzLsmc=,CLC,Day by day
rZ8yKnjdEpbHwPhYuOcQbXUZLS8C/VwJYHVrqM8bP+0=,My Love From the Star,Mocha Comic Tension
A3/h/lHtDkSHT9oGZBz46Wzyh5JqWo9avTMjyrPMZGs=,DICKPUNKS,I See You
NJqdMeMGZfFiZwT9Wf8T40Ij+O5jXPJOxS9KKcarUEg=,B1A4,쮸쮸쮸 (Chu Chu Chu)
FG0z0iuOjThWud38h8+n9e0s2dFOQxhKkkz1lcPxhoA=,Yozoh,뒹굴뒹굴
TgaMnivW1xX/1L+sjP5g0DmACfe5yegH+MVRFpAVIRw=,BEAST,I Knew It
GQDDh719FExIeHYpgwl6XylHeqJDUlQMNCuTv+Q71B8=,Urban Zakapa,Crush (Reprise)
8PMeVzFs8qOlK/gYr2Rfc5R5Lg+06tyYYlVMZl5UNhk=,Blue Eyelids,Play Ground
qlWg+YRAuqePyYE3shCfKWH9aK9YxBnjZzX37CLiHVg=,ROO,Just Good
lXVFBvJFUH/e4GWR5Zj525yxiUAgrSezDOtu43AiyyE=,NoticeNote,Secretely Shining
4A++HZ+bEKijYnW0gCtOivif9ow04FqSdNl8Al2RZbk=,Various Artists,Lovesome
Q5miW5A8WaSKktXSEjOKkvTVkS2Zub0BJw3htPJyZOY=,SISTAR,Give It To Me (Reno Remix)
3ryRvyyO6VHcyEiDr5nQs3TmdZko42GNP/hl1MeiV+Q=,BANGTAN BOYS,Intro: Skool Luv Affair
UqvpIEF3XRtzhNH9lu3NKSqP6J29xy/e8x7LUWJBEdA=,Broccoli you too,No More Encore
QWBPE9KXwj2QHGZ0W+6hi0BFKD9f8WQ9rJetUztQYqI=,INFINITE,True Love
bIecMypLeN+wcv36EKlW6pJIpWrm3vn1DcuM0oD/FaI=,SUPER JUNIOR,Y
4ZYQOAkzOc9WKBkIDdQVo1HqlcERWO9uppByQwZO6hQ=,SUPER JUNIOR,Wonder Boy
tPZ+kUY5VFIS4p6c5rNfVdDPDSeUYGYMJmoJJzhvNvg=,Lee Hong Gi (FTISLAND),Kings For A Day
ysZjOFKPw1opmDY4MgDMTFPA24bho7hoIWiLcQ2IJ7I=,Jeong Eun Ji,Hopefully Sky
Rfd0zjuKaemIZlpYJ0CovYH6r6nHd86ICbzFe+6wgng=,MAG,No Regret Life
osGr7Q5U2IzI0B3IwmpFMz9Y2fWpOKDhDZHzd2F0NGk=,S.E.S.,Remember
bUC4DP4XsVuSnZXotohhv3zM4ljKWZpwOES/6P1zo/s=,O.O.O,빈 Empty
i2MIhO1DuJG52cTF661cVwe2NqKYszfHQML0vs6TK3M=,B.A.P,NOW
Une3739abF0j9f5bVtVC1uu7+l2FJmI+YFhnVMbva0U=,Dalchong,This is my love
YF2MAPI1Zqep6Xxl7hnfm5chKJeZ+llLlBMmkIhK2R8=,Master's Sun OST,Love is Like A Pickture
bV89b0TYpsRcRnRsoPfyfUhVH6RrBdgP2XtIZpf6RMs=,Lim Kim,먼저 말해
D9hpmcV22RjJCJrEArEMFNdjaGOL/2af+0Is+h+WNnY=,B.A.P,Coffee Shop
Ta6IaPPCvENOfsS3rssB7FlgjqB0aCqUNdX766zwF2M=,NS Yoon-G,Love
YKczWtHJ1bJHJZgMKdFtfapRDVALz077rFFWtDUErxc=,Diary of a Night Watchman Original Soundtrack,Secret
EGGRuGCl4jHuIo+TMOPVYslscMJEu6dlo9AF00+jk2k=,Various Artists,I Like You
aAJrvZ7P1yElweMLlVwP0FUqr0Kske54hRYc1rXDduE=,Jungyup,Shadow
LVmtW4bZAwboWo9y55OTBW2f46YjmS/fRt9TomJB6IY=,House Rulez,Do It!
z88PWA5JJH5KdaqnQAFH6R/06f9l7NbEa5tLFvLAIRw=,MIIII,Not-Boyfriend
wN8wMoHoVfB1JmDrAwA/IGoyagkRjX1UdWF7fsX13sE=,Fromm,Pieces of You and Me
aiMxDILG2aS3qOxkTV2lOVteNsO+xEcaBakNpDVxUSw=,Humming Urban Stereo,Space Loves Disco
M6MDUM3pPkZuXBvFeTnl0hJIBjS9IfHk7KZ/mg9XQew=,4MINUTE,Come In
zuCf2kWBCKU+gYZpKbcE8LOhK0xZXqvsl7q/SfMWNrI=,MBLAQ,You
Oeal0s7i8Ywqkwf7LJ1Hnh39YNdyKH47uEAiuin0v5w=,INFINITE,Intro (Evolution)
cZb8/I5LBKRlmpn+jLlxBlxRXPi6ikYvjjK6pi8TIW4=,Backstab feat. Inda,I Know You Will
eAGKq2sUowaq+TQN+XQdeY9kiO2QxyEW7yKwoO69fnc=,Urban Zakapa,Inevitability (Reprise)
cUhkOjB1tLhPq5VfVb/0Z5zX8wq7KnayGtSknYDE+TU=,JUNIEL,Everlasting Sunset
nW7czLK5LBcCT/uAo+03SyWAbaEEaSnXI5uxhC7QiBM=,t Yoonmirae,You Are My World
M8WewT1w/Tg2lzlFnk/a7JBdGXR617alhJmtV1N61kE=,Lim Kim,Stay Ever (feat.버벌진트)
dgM09WYrhA9/YN+FNtuHC+H0ZUZi9LCnPEH1o5tBUcs=,MC MONG,Flower
Myw2+ZDKSo6NsK6oNcxAOumYczgbjDwxelmvYwr9nWc=,San E,마치 비행기 (inst)
RQyPVkdzi2Fj1F9Ulqq4AISg8IchF5SB82uDp180IIc=,Various Artists,i can't live 사는게 아니야
TxOLlJplvsFMshkYAl1/z76iBt0HnmgPhxnS012TtVw=,EXO,XOXO (Kisses & Hugs)
ICAL4DmtvK6YqiC1GLvHAOPt4SgSBaJT4pg3MP2iF4k=,Secret Garden OST,Main title (BGM)
wYx0ZOnrb1p44Ve19Tf61tLam2YR8A6QxN13mxIGhko=,TAEMIN,Sexuality
aVe81lrj4cxrN7W+9fCnW4OaomN1zFVAGHv1744dPoQ=,Master's Sun OST,Mi Chi Ge Man Deul eo
89aLB4YbRdzjH5uyoFu6J7bz2GLXIFv8VR1uESZJNOk=,FTISLAND,새들처럼
VNzHe7AasjRbtHdQ8PLmDFYcJ85qpGtYCIpPHJrwI3U=,AKDONG MUSICIAN (AKMU),외국인의 고백
5g52HtzjEL3gVdB1ZC1kq+JlDpDwDLG/eG93EXqemiM=,Jacoustic,Empty Street
kc/i+A1eC1gl+vEYucRJpJaE/1HFxv2IINZYhho+tTQ=,Song Ji Eun,예쁜 나이 25살
bTy73elS6bBrXaBMKwt40Mj/aFS/d0cijdq+Re/ki6M=,BEAST,Yet
GGLWlZbl0v6poZxub7tjkyRH8Plej6EG6EpJHqUeziE=,Reply 1988 (Original Soundtrack),Broken Heart
nKs4AmHJkrIsp+3R8in+vk+mrY7vHh12KjVIcehiF2Y=,ZINOV,여기봐요
+MoXz/I9G8Gulq4zm+mKkKEpo/M4O3QcAp3qBTh+cpQ=,f(x),Beautiful Goodbye
7o8CMbVT3/WRxLP8crWTCl2vTRHT1OWepQy7flmGQJc=,K.Will,Bon voyage feat.Beenzino
RXDCgmu1vn2R55jZs13Rp2D5jQ2M46GQ66lAFB9MhGk=,K.Will,Sweet Girl (feat.LE of EXID)
II0RnLGcKjyqexxlPNIIYq2GfDFEQGO5yMbLaPRS+ck=,Various Artists,Be Alright - Yim| Si-wan
mZICHuYE7vkHrHo8CD0GMzKpfBaGkNpRpgfAzGUeSDg=,Girl's Day,White Day
Yd1AgzripMGNgtAv6WjsnS79Qu1K09ckSvGQP6V/X9c=,EXO,Black Pearl
8xiaU9fBrcMF9k6VrFgL47gDva3MBH5GJiQkWC22WGg=,Kim Tae Woo,한강고수부지
5F0MuRxerovhta8usl18ruD4ADLG19U3vP9HBK3DuCs=,Secret,별빛달빛 (Starlight Moonlight)
IRS4sbAdY+JU3I7oZm9frQRUkASAACq9PoUaaqxuK6g=,SISTAR,Sunshine
N199Mxb1WhG8Fn/7HR3xSZGprOIKMi5bqvgHU4ljTYw=,DEAN,I Love It
p8jpebKesJWH3vXuNIz7R065DhKJdAG+LE2H+hP7QfA=,Various Artists,Mirror Mirror
As4bJ0+AnLwCHTXeQrpuhOMYKMkc1zHU8A2J9Y1Wkug=,SUPER JUNIOR DONGHAE & EUNHYUK,Motorcycle
4BzLY0I0KfuWVdGV7CmbEHwLe8hqvYC8W94l2+5MrNI=,Various Artists,Der Rosenkavalier
0QS4lQVYWH764JRbdLIL/hqiC90dQWSN2GJ6c35dX24=,GARY,둥둥 (feat.Skull| Deepflow)
05muHuSkrsiY7nhNBURAvCOUbJd6jhpi+lHMlP2HYa8=,LYn,20th Century Carol (19792016)
tw9X4XTwL4+oBLM+S8SwJpnqauwHcWfgBZitoGaYWVY=,Various Artists,The Witch's Advice
wXr2ORFMOd5PJ+sQo+wr3vaVBvdMTvghLq7bZKWDjY8=,Verbal Jint,My Type 2 (feat.강민경&산체스)
YOihceqALxF2Et1dY2/j/o3RLqSh33hxeBqlPyXfKJg=,Jay Park,Forever (with DJ Ale Mora) [feat. Cha Cha Malone]
TZ/cZiCiTisDrxfLE/RCfkBE/TSnfdS+FWxpx4FUBIU=,AKDONG MUSICIAN (AKMU),Anyway
ceuHcmis9kbuNmYa7Dg5bEyYmvOIJ2IGdC10aspENJM=,B.A.P,Power
/6BY5T4k2CCg8aXlHzl/22mhYcxbosMIlHG6pM5+/6I=,SUPER JUNIOR,Let’s Dance
KSHutwn1e3c72djRlfGIjkZGAwgASxaY3MJHK98RF94=,MONSTA X,HERO
YXGapUlCn+FNBVdCTcI44Co6s7C+AOpyMd8VNYmEXvQ=,MONSTA X,Interstellar
7iixv7ajjsiV74baDxtyPyIN9NMwwxEY2snXvdcC4IM=,HENRY (Super Junior-M),My Everything
Sw6Sa7JRB4lf/NpKQwGBSBK1Fb2JU/ML0hlrpGQit28=,UP10TION,나한테만 집중해 (Attention)
DEYXWVWucc6KWgADwm/rZXVJkNoWn66FUUTv9YOQcDs=,Various Artists,Serenade
pnui6iWry3NHv4INEgf36MXtRdQn9TIedaVbQs89lmg=,OH MY GIRL,I FOUND LOVE
mvvsD73b38UyBLTk8PdUihQ5Gt2HwRcKPnicQtheH2M=,Achtung,Cloud Rain (구름비)
+WwLTfFz3/wqOac/1e8LYWTLw9IZWWxZP7/XoUEc43I=,Seo In Guk,Seasons of the Heart
qpZ4tFRPEAPYCqddWxtENFoEJxyUSIA+SqOLHEtSE6A=,Apink,BUBIBU (Original Ver.)
vuj+ya4Q8K3GpC4QC89Fr0+YaogvfhKesZWTinNb7gw=,HyunA,Morning Glory
S/g5/F42QWDXoTzop8n3z9UP9HrvGwlm6pUGtRLf9K8=,Various Artists,Tears fallin` (Guitar Ver.)
ddUlkvWyAH9Ni4bUhI/qKZhEcY9mvAWnerYZBeh5Rwk=,J.ae,Word like I love you
NdK3f/wW7vgZQUO++1w+zwMVexFCxaSAzVPOrpE8Ldo=,SHINee,So Amazing
Zi3DbESRF8fLaxjhpSOFq/E7jfLiUqLV+gwAOvgLYjU=,Kilt Han,Do U Believe
+28r0z2CXxyecOnc/euKzjF1udfSGZgPph4KS0u0EqU=,BIGBANG,My Girl
MpuR7wU0VaPUPhsutx3c1l/BV7mXcXLoM2WSzDqIPWE=,Soyou & Junggigo,Blind (Twilight Mix)
dfOHpnSsVbTsBszZb20CGrR4yKWH98liMlsNaFf8jnQ=,DICKPUNKS,You Don't Hear Me
vXywYK6TfNKkB26WPZYRxVRW7kvxliNWvK7Z3JBGPag=,Kang Si Hyeon(OMZM),Wonderful Day
BTxYHoCOtu5SneTh5gM32yMAhOHPBChlpglJ3ZRRSTg=,Various Artists,The Chorus Of Knights (Opening Title)
muGzGQVSShWPsOIXWPyDOPRbu4bjOCRyxsvTr/VKAxg=,Urban Zakapa,Love is all around (Reprise)
sfv+GhNSm95av3JppyBGb2A4QsOeWmxYXmOXbAHrLKw=,Clazziquai Project,Madly
v+wLQSrVdaMpq75MEw33w166jDaU7aKeoJtdG79v6W4=,Second Moon,As This Time
Nu8uZQLiIL6WMe8AVdYjbnmO7kFbipzXoKLi0t5ejFI=,B1A4,둘만 있으면(BARO SOLO)(feat.민 of miss A)
U6Zqku/4BCME3fCIOOmPkftHAkhyumxJ4e0EqJKczkY=,IU,너의 의미 (feat.김창완)
eV7pclvgexAw7xzz1jz+/BHQv4KsFIeTwz1hafAjSIs=,Apink,4월 19일
Nqol2zU4pSyQVWFZ1t95HGHlj06GRu8aPWVTsRbH7E4=,Kisum & Im Seul ong,Finding Differences
jy1TFcfkRxm2ITTR7fNYaUvxUek7FOa6rIX/hf/hbJw=,The Nucleus,The Shoulder
pHx1xu54Qn6AYWJ9NA3JOM4RaGZfv47IwhcCyC3FzLM=,ABC,Letter
FhksTc1K9AHCTcXOoYTOiCApHytKtSh0RjzFIdQM2tg=,Hong Dae Kwang,Aren't You
Qk9ZK3Z7DO3KcFKsXz8vHSbVC25NHPYu5J2a2ThgI00=,SPY Original Soundtrack,Agonize
iYFIXPU7VskJXdrG0aOJpEJe+vMfd8VGlt1PdKaqzCU=,빅베이비드라이버 Big Baby Driver,Baby You
2JdrlLVc73yRL2hyb+Y0R0fD1kwklPU2mAzEXwplfho=,SMTOWN X Steve Barakatt,Sound of Your Heart
WXQuOGUNGrciBb3xMREyTmibiDpzrqFOjtM4Z5+KO58=,IU,벽지무늬
oZB+o+vBykT5qdWn0A3a3aSda7e1Ln7pJYPEGDeo5aQ=,YESUNG,My Dear
qh0J8eUjfsSpxf2z3CncV2OjAnzEYis79C6cquTFgCo=,TAEMIN,One By One
pgTTLDn+rRvHvqSEH65Y0OsjGBTv5Is4jckpbIOtPfQ=,BESTiE,연애의 조건 (Love Options)
3BE+41w6UV+vkHZdvgA09K7XqClX25FpgGEd+6cqtqM=,BANGTAN BOYS,Intro: O!rul8|2?
2Khx8AQSqIq0aFX/ZdzVpbhI5Kf1ZfEjs1bEcdF0PpM=,RYEOWOOK,People you may know
qapY/DPLURo1WRVgLpJwa9pFVA7IjuChiZVelvdpg3c=,Teen Top,Baby U
+ZEeAvUub+bd4wfVw+5q2xv49Yz3n4Xl8rJ0HhGkC3Q=,BOYFRIEND,ON & ON
Kkm2YmnJlKYvNvggYAgZSxCHJ7mVcNbTWy6NwlnXl9U=,홍진영,산다는 건 (Cheer Up)
oalajmfPZ1qj6KTfeiSkxVgjIL3B8ooQrHe7o/nPerg=,4MINUTE,What's Your Name?
Q31xNI6phQnsdqa4dQ6s3jrUya3CKeMQMojZ+qpI6xw=,Reply 1994 (Original Soundtrack),Happy Me
3ZO7VglX1qZcr4mM8Na6zGT9f+A6sPqOvkeC1ZbdKGo=,DEAN,Bonnie & Clyde
RFWgYinAQmyqoiuVMogTpDRv9QCpTO1N9AGvBEcUWuA=,f(x),Stand Up!
2bJlI96Ev6hIPhqsgYH0Qngrs9HV+4wsmmLw8MwoHmQ=,B.A.P,0 (Zero)
4ItEZt4SbvvNvKXGOLnH/LkRMZEIbXrpX3TZQeWuww0=,B.A.P,FERMATA
FD3cN3+3aVGyHkZKnw2G8yNi9UJz+BvG8jGQ8aZ2D1U=,Niel,아포가토 (feat.C.A.P)
h1C+3iD9pplJ8oV3rl+lyvtFTLFbTdgADlgSSSRPdqI=,CROSS GENE,La-Di Da-Di
TvD2ZzQMYYnfVFk6Wns04RJb+cGQYEe6/ZcSRYfcLKs=,POP OST-It's OK| That's Love,Just Where I Belong  - Emilie Mover
qQfPOq7+CtgVtwinGL+bZAzqNZM3n2QIO82mzXEKF2U=,Dynamic Duo| CHEN,nosedive
T4c4pjv8rJewbf1gVgv5Tx/+v4LPCMgdW1lRnCnsDPw=,SUPER JUNIOR-M,SWING (CHINESE VER.)
PdjionTYbH8Ipj4IWJriqCRAbQE1MkuiO0OMdz2N0Fo=,Master's Sun OST,Sad Wave
7e2y6v4W3zveoCLcBCZks6G+hosJAwEOQeMadNzZNC4=,Han Dong Geun,Wherever You Are
g5v5Sbe6R3aAJAT8Igk/DkQ8IFgesdP0n8GN62u7lPU=,Min Young Gong,Hallelujah II
/qACXz4DWYMsewFweG1Am756nW3YpOCNLphVoOopInE=,Unpretty Rapstar Complation Album 2,Don't Make Money
ncCH4iveLUFWvr9pKT/VcswEXwe4022hMFYLt72eXpE=,BIGBANG,Oh| Ah| Oh
Ol4GpQPhZLRNhuptMgcLmU/hmQbdHSB5AO2ETpMg90o=,SUPER JUNIOR,Dear. Two
PnQxeD7bNiToGcqyIQWuY7YVh4uc2netEkm5R1cem4Y=,Various Artists,The Shade Of A Tree
YRnLHUnH5OiCQKGBku+CUu/DgNUy/tOR0OouTSW3duU=,MONSTA X,Blind
mpUJnfTUTBQDsDNX+8vcK+27s8UDUBTiaW8r+dbwANA=,Various Artists,Lovely Girl
kjNdj1bYoNk7C/tKcDPAQie0jTVw3NrLBc6md60hUgE=,4MINUTE,AN JUL RAE
8PZTpV3TTZdZTfKQ1RjwSRLoNbbfBwXVzISIRWS3KPo=,Sun Hee Lee,WindFlower
kk2bnutGLYq3VfJ2xTyz/0ycQwhIjLxTqf/qORc7AyE=,B.HEART,Don't Need Anything
VsIf4wpmALFbg+FZ3IyLj+0g+bs/SpS7HIAtNDpK3pk=,Hyolyn,I Miss You
XEbEj5C0YTclqsOKJCrjLGCSTgE3m5b2ZQQ3+okrhc4=,Various Artists,Einfühlung
3jv6Bj6s97ie7LrzbNRC9EiJO5p0KTkKS9E1EmXHvMw=,My Little Memory,We're Parted
RRHNJp0yW/gVzIIDBV/mFSiuc2JhufCU87OoW0dDcsI=,BANGTAN BOYS,Bts Cypher Pt.2: Triptych
rYjAZMLIwkkx2LHkp6uubCr5vCuRWE4oGMiOnoIRbbY=,EXO,Lotto
BFKE38coGGf7ScLAkIaqnoJCUR7HCq3RxhviMGMo/J0=,LOCO,높아 2 (feat.C Jamm & 박재범)
QH2Vz8OOMQB1m28g5hHvcsBAxIJ+XLNLV8cbueOTuhc=,Cho Kwon (2AM)/Niel (TEENTOP)/ZO (MBLAQ)/Yang Yo Seob (BEAST)/Woo Hyon (INFINITE),Too Beautiful to Cry
qk8kG/cNBrDhpBB9sH2zwwx+FQIURw2p3dJF6AL++8A=,SolBi,Empty...
+b0n2uV/LG2K4TuB3xsHcseX9Z5Za6HYKKzOiasm+wo=,Kim Jong Kook,잘해 주지 마요
zDj6fdKrLr0NYSyJDxDABoFmzUvPfnE1B50w6T99VPk=,B.A.P,One Shot
0wnp7liAtEHnSFNGu/SObX0gfyANf4E8aIu/3pmLVY0=,지민(AOA),야 하고 싶어 (feat.시우민 of EXO)
B3s5Btz7S7UiXrORDqt33CCG9Nt2fatQmlr2NoMvTIA=,VIXX,Romance is over
owbvyXC/rlM2OkIA9xuQaqy+OvqPouhAbpq6CII715E=,Yiruma,Far Away
n4N9mk2kmWsqaXnIb7jYFoT3wFoBJQyC2Mu1bZB3Ik0=,SISTAR,GOOD TIME
