0,1
16509,"['에이핑크 - Secret Garden : easy', ""NU'EST - Love Paint : hard"", '샤이니 - Wowowow : easy', '샤이니 - One : hard', ""박효신 - It's You : hard"", '여자친구 - 시간을 달려서 : norm', '인피니트 - Follow Me : hard', ""비스트 - I'm sorry : easy"", 'K.Will - 눈물이 뚝뚝 : easy', '잔나비 - Goodnight (Intro) : hard']"
16510,"['잔나비 - Goodnight (Intro) : hard', '샤이니 - One : hard', 'IU - 미운 오리 : easy', '양파&다비치&HANNA -  사랑이 다 그런거래요 : hard', '샤이니 - Wowowow : easy', '바람이 분다OST - 비밀의 방 : hard', 'f(x) - All Mine : hard', '곽연진 - 재회의 테마 : norm', '여자친구 - 시간을 달려서 : norm', 'EXO - Heart Attack : easy']"
16511,"['레드벨벳 - Ice Cream Cake : hard', '비투비 블루 - 내 곁에 서 있어줘 : hard', '여자친구 - 시간을 달려서 : norm', ""비스트 - I'm sorry : easy"", '에이핑크 - Secret Garden : easy', '엠버 - Borders : easy', '샤이니 - One : hard', '김장훈 - 어머니는 내 마음을 아세요 : hard', '샤이니 - Wowowow : easy', '잔나비 - Goodnight (Intro) : hard']"
16512,"['EXO - Monster : hard', '슈퍼주니어 - Shirt : easy', '잔나비 - Goodnight (Intro) : hard', '연애말고 결혼 OST - Love Knots : hard', 'f(x) - All Mine : hard', '샤이니 - One : hard', '샤이니 - Wowowow : easy', ""비스트 - I'm sorry : easy"", '에이핑크 - Secret Garden : easy', '여자친구 - 시간을 달려서 : norm']"
16513,"['아이유 - 스물셋 : hard', '여자친구 - 시간을 달려서 : norm', '박세영 - 블루로드 : norm', '안녕하신가영 - 순간의 순간 : easy', ""G.NA - Don't Cry : easy"", '비투비 - Anymore : easy', '일레븐 - Pray For Korea : norm', '레드벨벳 - Automatic : easy', '에일리 - 그대도 같은가요 : hard', '최정우 - 어디선가 나의 노랠듣고 있을 너에게 : hard']"
16514,"['에이핑크 - Secret Garden : easy', '여자친구 - 시간을 달려서 : norm', ""박효신 - It's You : hard"", '현아 -Red : hard', '이지수 - 너야 : easy', 'DICKPUNKS - 지금을 잃고 싶지 않아 : hard', 'Flower - 사랑은 알아도... : easy', '디아 - 날 위한 이별 : hard', ""바람이 분다OST - It's Over : hard"", '인피니트 - Follow Me : hard']"
16515,"['비투비 - 두 번째 고백 : easy', '에일리 - 노래가 늘었어 : easy', '제이민 - Song On My Guitar : hard', '앤츠 - 예쁜 너니까 : easy', '블루베어스 & 택연 - 오늘 같은 밤 : hard', '레인보우 유아동요 - 숲 속의 음악가 : easy', '혁오 - Hooka : easy', '투하트 - Tell Me Why : easy', '인피니트 - Because : norm', '여자친구 - 시간을 달려서 : norm']"
16516,"['여자친구 - 시간을 달려서 : norm', '최준영 - 얼음심장 : hard', '4MINUTE - 팜므파탈 : norm', '지훈 - 너만 생각나 : hard', 'N(엔) (VIXX) X 여은 (MelodyDay) - 니가 없는 난 : hard', ""박효신 - It's You : hard"", '지나유 - 처음사랑 : hard', '윤지훈 - 너밖에 몰라 : hard', '디아 - 날 위한 이별 : hard', '인피니트 - 내꺼하자 : hard']"
16517,"['f(x) - Lollipop : hard', '동방신기 - Humanoids : norm', '요조 - 바나나파티 : hard', '천둥 - Good : norm', ""박효신 - It's You : hard"", '이지수 - 너야 : easy', 'MBLAQ - 유령(같이 사랑했잖아) : easy', '인피니트 - Follow Me : hard', 'Flower - 사랑은 알아도... : easy', '여자친구 - 시간을 달려서 : norm']"
16518,"['여자친구 - 시간을 달려서 : norm', '인피니트 - Follow Me : hard', '샤이니 - Wowowow : easy', '샤이니 - One : hard', '잔나비 - Goodnight (Intro) : hard', '엠버 - Borders : easy', '형돈이와 대준이 - 안좋을때 들으면 더 안좋은 노래 : easy', '양파&다비치&HANNA -  사랑이 다 그런거래요 : hard', '슈퍼주니어 - A-Oh! : hard', '애프터스쿨 - 너 때문에 : hard']"
16519,"['여자친구 - 시간을 달려서 : norm', '보아 - One Dream : easy', '인피니트 - 내꺼하자 : hard', '다방 - Wanna Buy Love (여자친구 사주세요) (사랑을 살 수 있다면) : hard', '비스트 - Let It Snow : norm', '김나영 - 어땠을까 : hard', '장기하와 얼굴들 - 그러게 왜 그랬어 : hard', '이오공감 - 한 사람을 위한 마음 : norm', '아이유 - 마쉬멜로우 : hard', '엠씨더맥스 - 어디에도 : hard']"
16520,"['시스타 - One More Day : hard', '샤이니 - 산소 같은 너 : easy', '엠버 - Borders : easy', '연애말고 결혼 OST - Love Knots : hard', '샤이니 - One : hard', '샤이니 - Wowowow : easy', '여자친구 - 시간을 달려서 : norm', '양파&다비치&HANNA -  사랑이 다 그런거래요 : hard', 'K.Will - 눈물이 뚝뚝 : easy', ""비스트 - I'm sorry : easy""]"
16521,"['여자친구 - 시간을 달려서 : norm', '가인 - 피어나 : hard', '정동하 - Mystery (주군의 태양 OST) : hard', '이지수 - 너야 : easy', ""박효신 - It's You : hard"", 'Flower - 사랑은 알아도... : easy', '천둥 - Good : norm', '인피니트 - Follow Me : hard', 'DICKPUNKS - 지금을 잃고 싶지 않아 : hard', '디아 - 날 위한 이별 : hard']"
16522,"['비투비 블루 - 내 곁에 서 있어줘 : hard', '엠버 - Borders : easy', '샤이니 - One : hard', '연애말고 결혼 OST - Love Knots : hard', '여자친구 - 시간을 달려서 : norm', ""비스트 - I'm sorry : easy"", 'f(x) - All Mine : hard', '에이핑크 - Secret Garden : easy', '샤이니 - Wowowow : easy', '박효신 - 야생화 : hard']"
16523,"['N(엔) (VIXX) X 여은 (MelodyDay) - 니가 없는 난 : hard', '여자친구 - 시간을 달려서 : norm', 'Flower - 사랑은 알아도... : easy', ""박효신 - It's You : hard"", '인피니트 - Follow Me : hard', '정동하 - Mystery (주군의 태양 OST) : hard', '잔나비 - Goodnight (Intro) : hard', 'DICKPUNKS - 지금을 잃고 싶지 않아 : hard', '4MINUTE - 팜므파탈 : norm', 'NCT 127 - Switch : norm']"
16524,"['이지수 - 너야 : easy', '비투비 블루 - 내 곁에 서 있어줘 : hard', 'VIXX - Love Me Do : hard', 'B1A4 - 몇 번을 : hard', '샤이니 - Hold You : easy', '여자친구 - 시간을 달려서 : norm', '잔나비 - Goodnight (Intro) : hard', '안현정 - 그대와 나 : hard', '인피니트 - Follow Me : hard', '빅스 - 사슬 : easy']"
16525,"['에이핑크 - Secret Garden : easy', '보아 - Only One (Instrumental) : easy', ""비스트 - I'm sorry : easy"", '연애말고 결혼 OST - Love Knots : hard', '샤이니 - One : hard', 'f(x) - All Mine : hard', '샤이니 - Wowowow : easy', '잔나비 - Goodnight (Intro) : hard', '여자친구 - 시간을 달려서 : norm', '엠버 - Borders : easy']"
16526,"['2NE1 - Goodbye : hard', '이지수 - 너야 : easy', '블루베어스 & 택연 - 오늘 같은 밤 : hard', '규현 - Eternal Sunshine : hard', '여자친구 - 시간을 달려서 : norm', '길구봉구 - 달아 : norm', '주헌, 형원, I.M - 인터스텔라 (Interstellar) : hard', '타코 & 제이형 - 어떡하죠 : norm', '아이유 - 싫은 날 : hard', '백지영 - 사랑아 또 사랑아 : easy']"
16527,"['여자친구 - 시간을 달려서 : norm', '휘성 - Night and Day : easy', '에이핑크 - Secret Garden : easy', '연애말고 결혼 OST - Love Knots : hard', '동방신기 - Humanoids : norm', '잔나비 - Goodnight (Intro) : hard', '양파&다비치&HANNA -  사랑이 다 그런거래요 : hard', 'MBLAQ - 유령(같이 사랑했잖아) : easy', '김장훈 - 어머니는 내 마음을 아세요 : hard', '내 여자친구를 소개합니다 OST - 명우의 수난 : norm']"
16528,"['규현 - 우리가 사랑한 시간 : hard', ""NU'EST - Love Paint : hard"", 'EXO - Heart Attack : easy', '박재범 - When : easy', 'GOD - 길 : hard', 'IU - 미운 오리 : easy', '레드벨벳 - Light Me Up : norm', '비투비 블루 - 내 곁에 서 있어줘 : hard', '데미온 - Street of Dawn : norm', '잔나비 - Goodnight (Intro) : hard']"
16529,"['에이핑크 - Secret Garden : easy', '잔나비 - Goodnight (Intro) : hard', 'N(엔) (VIXX) X 여은 (MelodyDay) - 니가 없는 난 : hard', '4MINUTE - 팜므파탈 : norm', '인피니트 - Follow Me : hard', '김장훈 - 어머니는 내 마음을 아세요 : hard', 'Flower - 사랑은 알아도... : easy', ""NU'EST - Love Paint : hard"", ""박효신 - It's You : hard"", '레드벨벳 - Ice Cream Cake : hard']"
16530,"['지나유 - 처음사랑 : hard', '지훈 - 너만 생각나 : hard', '윤지훈 - 너밖에 몰라 : hard', '최준영 - 얼음심장 : hard', '가인 - Fxxk U : hard', '디아 - 날 위한 이별 : hard', ""NU'EST - Love Paint : hard"", '4MINUTE - 팜므파탈 : norm', 'EXO - Monster : hard', 'N(엔) (VIXX) X 여은 (MelodyDay) - 니가 없는 난 : hard']"
16531,"['린 - 이별주 : hard', ""NU'EST - Love Paint : hard"", '아이유 - 스물셋 : hard', 'EXO - Baby : easy', '크래용팝 - 1, 2, 3, 4 : hard', '비투비 - Anymore : easy', '샤이니 - Last Christmas : norm', '방탄소년단 - 고엽 : easy', '더 콰이엇 - 진흙 속에서 피는 꽃 : easy', '가비엔제이 - 연애소설 : norm']"
16532,"[""NU'EST - Love Paint : hard"", '잠비나이 - Connection : hard', '현아 -Red : hard', '4MINUTE - 팜므파탈 : norm', '정동하 - Mystery (주군의 태양 OST) : hard', '슈퍼주니어 - SUPERMAN : hard', 'Flower - 사랑은 알아도... : easy', '이지수 - 너야 : easy', ""박효신 - It's You : hard"", '디아 - 날 위한 이별 : hard']"
16533,"[""NU'EST - Love Paint : hard"", '4MINUTE - 팜므파탈 : norm', '에이핑크 - Secret Garden : easy', '잔나비 - Goodnight (Intro) : hard', 'DICKPUNKS - 지금을 잃고 싶지 않아 : hard', 'Flower - 사랑은 알아도... : easy', ""박효신 - It's You : hard"", '에일리 - 노래가 늘었어 : easy', '이지수 - 너야 : easy', '인피니트 - Follow Me : hard']"
16534,"['Flower - 사랑은 알아도... : easy', ""박효신 - It's You : hard"", '더 콰이엇 - 진흙 속에서 피는 꽃 : easy', ""비스트 - I'm sorry : easy"", '연애말고 결혼 OST - Love Knots : hard', '4MINUTE - 팜므파탈 : norm', '디아 - 날 위한 이별 : hard', '인피니트 - 내꺼하자 : hard', ""NU'EST - Love Paint : hard"", '동방신기 - Humanoids : norm']"
16535,"['f(x) - Lollipop : hard', ""NU'EST - Love Paint : hard"", '이지수 - 너야 : easy', ""박효신 - It's You : hard"", '오빠친구동생 - 소보루빵 : hard', '지코 - 날 : easy', 'Flower - 사랑은 알아도... : easy', '디아 - 날 위한 이별 : hard', '우주소녀 - Catch Me : hard', '모던다락방 - All I Want Is 바라만봐도 : norm']"
16536,"['형돈이와 대준이 - 안좋을때 들으면 더 안좋은 노래 : easy', '연애말고 결혼 OST - Love Knots : hard', '애프터스쿨 - 너 때문에 : hard', '비투비 블루 - 내 곁에 서 있어줘 : hard', '엠버 - Borders : easy', '잔나비 - Goodnight (Intro) : hard', '샤이니 - Wowowow : easy', '샤이니 - One : hard', ""비스트 - I'm sorry : easy"", ""NU'EST - Love Paint : hard""]"
16537,"['Flower - 사랑은 알아도... : easy', '포맨 - 살다가 한번쯤 : hard', '봄바람 소년 - Only One : norm', '요조 - 바나나파티 : hard', '슈퍼주니어 - SUPERMAN : hard', '지나 - 싫어 : easy', ""박효신 - It's You : hard"", '보아 - One Dream : easy', ""NU'EST - Love Paint : hard"", '정동하 - Mystery (주군의 태양 OST) : hard']"
16538,"['시스타 - One More Day : hard', ""NU'EST - Love Paint : hard"", '디아 - 날 위한 이별 : hard', ""박효신 - It's You : hard"", '솔뱅 - 함께 걷던 청계천 : norm', 'Flower - 사랑은 알아도... : easy', '방탄소년단 - We on : easy', '오빠친구동생 - 소보루빵 : hard', '팀 - Liquid : norm', '잔나비 - Goodnight (Intro) : hard']"
16539,"['슈퍼주니어 - SUPERMAN : hard', '가인 - 피어나 : hard', 'NS 윤지 - 니가 뭘 알아 : easy', '더 콰이엇 - 진흙 속에서 피는 꽃 : easy', '지훈 - 너만 생각나 : hard', '봄바람 소년 - Only One : norm', ""박효신 - It's You : hard"", '정동하 - Mystery (주군의 태양 OST) : hard', ""NU'EST - Love Paint : hard"", 'Flower - 사랑은 알아도... : easy']"
16540,"['디아 - 날 위한 이별 : hard', '포맨 - 살다가 한번쯤 : hard', '슈퍼주니어 - SUPERMAN : hard', '나플라 - 우 : easy', ""NU'EST - Love Paint : hard"", '스윙스 - 이겨낼거야 2 : norm', '지훈 - 너만 생각나 : hard', '박효신 - 야생화 : hard', ""박효신 - It's You : hard"", 'N(엔) (VIXX) X 여은 (MelodyDay) - 니가 없는 난 : hard']"
16541,"['NCT 127 - Switch : norm', '여은 - 사랑아 나의 사랑아 : norm', ""NU'EST - Love Paint : hard"", '동방신기 - Humanoids : norm', '안현정 - 그대와 나 : hard', '에이핑크 - 몰라요 : hard', '방탄소년단 - 고엽 : easy', '에일리 - 이제는 안녕 : hard', '방탄소년단 - Intro: Never Mind : easy', '디아 - 날 위한 이별 : hard']"
16542,"['신용재 - 평범한 사랑 : norm', '인피니트 - 붙박이 별 : hard', '4MINUTE - 팜므파탈 : norm', '오빠친구동생 - 소보루빵 : hard', 'VIXX - Love Me Do : hard', 'Flower - 사랑은 알아도... : easy', ""박효신 - It's You : hard"", ""NU'EST - Love Paint : hard"", '빅스 - 사슬 : easy', '디아 - 날 위한 이별 : hard']"
16543,"['김장훈 - 어머니는 내 마음을 아세요 : hard', 'Flower - 사랑은 알아도... : easy', '인피니트 - Follow Me : hard', ""박효신 - It's You : hard"", 'N(엔) (VIXX) X 여은 (MelodyDay) - 니가 없는 난 : hard', 'MBLAQ - 유령(같이 사랑했잖아) : easy', '잔나비 - Goodnight (Intro) : hard', ""NU'EST - Love Paint : hard"", '보아 - Only One (Instrumental) : easy', '장나라 - 오월의 눈사람 : hard']"
16544,"[""박효신 - It's You : hard"", '인피니트 - Follow Me : hard', '이지수 - 너야 : easy', 'VAV - 달빛 아래서 : easy', 'Flower - 사랑은 알아도... : easy', 'DICKPUNKS - 지금을 잃고 싶지 않아 : hard', 'N(엔) (VIXX) X 여은 (MelodyDay) - 니가 없는 난 : hard', ""NU'EST - Love Paint : hard"", '2NE1 - Goodbye : hard', '일렉트로보이즈 - love (feat. 승희 from brave new girl group) : hard']"
16545,"['에일리 - 수줍은 내 사랑 : easy', '박재민 - 하루 : norm', ""NU'EST - Love Paint : hard"", ""박효신 - It's You : hard"", '인피니트 - Follow Me : hard', 'MBLAQ - 유령(같이 사랑했잖아) : easy', '휘성 - Night and Day : easy', '잠비나이 - Connection : hard', '잔나비 - Goodnight (Intro) : hard', 'DICKPUNKS - 지금을 잃고 싶지 않아 : hard']"
16546,"['에이핑크 - Secret Garden : easy', '엠버 - Borders : easy', '비투비 블루 - 내 곁에 서 있어줘 : hard', '잔나비 - Goodnight (Intro) : hard', 'GOD - 길 : hard', '샤이니 - Wowowow : easy', 'f(x) - All Mine : hard', 'EXO - Heart Attack : easy', '샤이니 - One : hard', '레드벨벳 - Ice Cream Cake : hard']"
16547,"['EXO - Monster : hard', 'EXO - Heart Attack : easy', 'GOD - 길 : hard', '잔나비 - Goodnight (Intro) : hard', '틴탑 - 향수 뿌리지마 : hard', '김장훈 - 어머니는 내 마음을 아세요 : hard', 'IU - 미운 오리 : easy', '레드벨벳 - Light Me Up : norm', '데미온 - Street of Dawn : norm', 'VAV - 달빛 아래서 : easy']"
16548,"['EXO - Heart Attack : easy', '아이유 - 스물셋 : hard', '비투비 - 두 번째 고백 : easy', '어반자카파 - Rainbow Ride (Prelude) : hard', '앤츠 - 예쁜 너니까 : easy', '헨리 - I Would : hard', '인피니트 - 맡겨 : norm', '빅뱅 - 맨정신 : hard', 'EXO - BEAUTIFUL : norm', '산들(B1A4) - 짝사랑 : norm']"
16549,"['EXO - Heart Attack : easy', '클래지콰이 프로젝트 - Android : norm', '현아 -Red : hard', '셰인 - Be My Love : norm', '지나 - 싫어 : easy', '엠버 - Need To Feel Needed : easy', 'J-Min - Beautiful Days : hard', '뉴이스트 - 나의 천국 : hard', '한희정 - 러브레터 : norm', '엠블랙 - Again : hard']"
16550,"['4MINUTE - 팜므파탈 : norm', 'DICKPUNKS - 지금을 잃고 싶지 않아 : hard', '제이민 x 심은지 - 집 앞에서 : norm', 'EXO - Heart Attack : easy', '어반자카파 - Rainbow Ride (Prelude) : hard', '인피니트 - 불편한 진실 : norm', '에일리 - 노래가 늘었어 : easy', '밍스 - shut up : easy', ""백지영 - 아이캔't 드링크 : easy"", '일렉트로보이즈 - love (feat. 승희 from brave new girl group) : hard']"
16551,"['이지수 - 너야 : easy', '레드벨벳 - Light Me Up : norm', '인피니트 - 내꺼하자 : hard', 'GOD - 길 : hard', 'DICKPUNKS - 지금을 잃고 싶지 않아 : hard', ""박효신 - It's You : hard"", '인피니트 - Follow Me : hard', '에이핑크 - Secret Garden : easy', 'EXO - Heart Attack : easy', '잔나비 - Goodnight (Intro) : hard']"
16552,"[""박효신 - It's You : hard"", '아이오아이 - 내 말대로 해줘 : easy', 'Flower - 사랑은 알아도... : easy', '슈퍼주니어 - SUPERMAN : hard', '에일리 - 얼음꽃 : hard', '임창정 - 그렇게 당해놓고 : norm', 'EXO - Heart Attack : easy', '어반자카파 - Rainbow Ride (Prelude) : hard', 'f(x) - Lollipop : hard', 'RETA - Listen Now : hard']"
16553,"['에이핑크 - Secret Garden : easy', 'Flower - 사랑은 알아도... : easy', '잔나비 - Goodnight (Intro) : hard', '인피니트 - Follow Me : hard', '슈퍼주니어 - SUPERMAN : hard', '디아 - 날 위한 이별 : hard', '애프터스쿨 - 너 때문에 : hard', 'EXO - Heart Attack : easy', '잠비나이 - Connection : hard', ""박효신 - It's You : hard""]"
16554,"['보아 - One Dream : easy', 'EXO - Heart Attack : easy', '아지아틱스 - Cold : hard', '비즈니즈 - 죽은 위인들의 사회 : norm', '슈퍼주니어 - Sexy, Free & Single : norm', ""비프리 - fly (feat. loco & s'way.d) : hard"", '인피니트 - Alone : easy', '현아 - Attention : norm', '칠전팔기 구해라 OST - 아로하 : hard', '박세영 - 블루로드 : norm']"
16555,"['시스타 - One More Day : hard', 'EXO - Heart Attack : easy', '세븐틴 - BEAUTIFUL : hard', '미생 OST - Jordan Fantasy : hard', '윤도현 - 사랑했나봐 : easy', '미생 OST - 출근길 : norm', '블루베어스 & 택연 - 오늘 같은 밤 : hard', '앤츠 - 예쁜 너니까 : easy', '이홍기 - Jump (뜨거운 안녕 OST) : hard', '시스타 - 이불 덮고 들어 : norm']"
16556,"['EXO - Heart Attack : easy', '케이윌 - 이러지마 제발 : easy', '시크릿 - Madonna : easy', '크라운제이 - The Best (feat. 서인영) : hard', '유미 - Last one (주군의 태양 OST) : norm', '요섭(비스트) - 나와 : hard', '가인 - 피어나 : hard', '비 - 30 SEXY (East4a deeptech mix) : norm', '시스타 - Say I Love You : hard', '디아 - 날 위한 이별 : hard']"
16557,"['김종국 - 눈물자국 : easy', '우주소녀 - Catch Me : hard', '지코 - 날 : easy', '윤도현 - 요즘 내 모습 : easy', 'EXO - Heart Attack : easy', '4MINUTE - 팜므파탈 : norm', '디아 - 날 위한 이별 : hard', ""박효신 - It's You : hard"", '박효신 - 야생화 : hard', 'N(엔) (VIXX) X 여은 (MelodyDay) - 니가 없는 난 : hard']"
16558,"['EXO - Heart Attack : easy', 'NCT 127 - Switch : norm', '스윗소로우 - 별 일 아니에요 (연애의 발견 OST) : norm', '황치열, 리싸 - 이 밤의 끝을 잡고 : easy', '비스트 - Easy : hard', '벤 - 안 괜찮아 : norm', '방탄소년단 - Intro: Never Mind : easy', '앤츠 - 예쁜 너니까 : easy', '주군의 태양 OST - Ghost World : norm', '빅뱅 - Crazy Dog : hard']"
16559,"['박재민 - 하루 : norm', 'VAV - 달빛 아래서 : easy', 'DICKPUNKS - 지금을 잃고 싶지 않아 : hard', '데미온 - Street of Dawn : norm', '잔나비 - Goodnight (Intro) : hard', '윤지훈 - 너밖에 몰라 : hard', '빅스 - 사슬 : easy', 'GOD - 길 : hard', 'EXO - Heart Attack : easy', 'N(엔) (VIXX) X 여은 (MelodyDay) - 니가 없는 난 : hard']"
16560,"['EXO - Heart Attack : easy', 'Flower - 사랑은 알아도... : easy', 'DICKPUNKS - 지금을 잃고 싶지 않아 : hard', '이오공감 - 한 사람을 위한 마음 : norm', ""박효신 - It's You : hard"", '인피니트 - Follow Me : hard', ""바람이 분다OST - It's Over : hard"", '에이핑크 - Secret Garden : easy', '슈가볼 - Cherish : norm', '보아 - Only One (Instrumental) : easy']"
16561,"[""신데렐라와 네 명의 기사 OST - Let's Cheer Up! : easy"", '이준기 - 하루만 : hard', '임창정 - 그렇게 당해놓고 : norm', '에이핑크 - Wanna Be : easy', '2NE1 - Goodbye : hard', '4MINUTE - BABABA : hard', '비스트 - Sad Movie : easy', '시스타 - Say I Love You : hard', 'EXO - Heart Attack : easy', '크라운제이 - The Best (feat. 서인영) : hard']"
16562,"['비스트 - Fiction : hard', 'MBLAQ - 유령(같이 사랑했잖아) : easy', ""박효신 - It's You : hard"", '캐스커 - Undo : hard', '인피니트 - Follow Me : hard', '잔나비 - Goodnight (Intro) : hard', '에이핑크 - Secret Garden : easy', '천둥 - Good : norm', '휘성 - Night and Day : easy', 'EXO - Heart Attack : easy']"
16563,"['지훈 - 너만 생각나 : hard', '슈퍼주니어 - SUPERMAN : hard', '4MINUTE - 팜므파탈 : norm', '디아 - 날 위한 이별 : hard', 'Flower - 사랑은 알아도... : easy', ""박효신 - It's You : hard"", '봄바람 소년 - Only One : norm', '딕펑스 - 한강에서 놀아요 : norm', 'EXO - Monster : hard', '레드벨벳 - Ice Cream Cake : hard']"
16564,"['려욱 - 그대 : norm', '방탄소년단 - Intro: Never Mind : easy', 'EXO - Let out the Beast : hard', '샤이니 - Last Christmas : norm', '더 콰이엇 - 진흙 속에서 피는 꽃 : easy', '커피소년 - 바보 : hard', '방탄소년단 - 진격의 방탄 : norm', '레드벨벳 - Ice Cream Cake : hard', '아이유 - 스물셋 : hard', '현아 - Change : hard']"
16565,"['샤이니 - Runaway : hard', '슬리피 - 기분탓 : easy', '형돈이와 대준이 - 안좋을때 들으면 더 안좋은 노래 : easy', '디아 - 날 위한 이별 : hard', '신용재 - 평범한 사랑 : norm', '더 콰이엇 - 진흙 속에서 피는 꽃 : easy', ""박효신 - It's You : hard"", '레드벨벳 - Ice Cream Cake : hard', '현아 -Red : hard', 'Flower - 사랑은 알아도... : easy']"
16566,"['MBLAQ - 유령(같이 사랑했잖아) : easy', 'GOD - 길 : hard', '레드벨벳 - Ice Cream Cake : hard', '에일리 - 노래가 늘었어 : easy', '에이핑크 - Secret Garden : easy', '잔나비 - Goodnight (Intro) : hard', '데미온 - Street of Dawn : norm', '인피니트 - Follow Me : hard', '장나라 - 오월의 눈사람 : hard', '레드벨벳 - Light Me Up : norm']"
16567,"[""박효신 - It's You : hard"", 'Flower - 사랑은 알아도... : easy', '레드벨벳 - Ice Cream Cake : hard', '슈퍼주니어 - SUPERMAN : hard', '정동하 - Mystery (주군의 태양 OST) : hard', '봄바람 소년 - Only One : norm', '인피니트 - 내꺼하자 : hard', '디아 - 날 위한 이별 : hard', '더 콰이엇 - 진흙 속에서 피는 꽃 : easy', '포맨 - 살다가 한번쯤 : hard']"
16568,"['레드벨벳 - Ice Cream Cake : hard', 'f(x) - Lollipop : hard', '레드벨벳 - Huff n Puff : easy', '윤도현밴드 - 미스터리 : norm', '딕펑스 - 한강에서 놀아요 : norm', '딕펑스 - 요즘 젊은 것들 : norm', '방탄소년단 - 진격의 방탄 : norm', '스타러브피쉬 (with Jane) - Goodbye (연애의 발견 OST) : norm', '이오공감 - 한 사람을 위한 마음 : norm', '안현정 - 그대와 나 : hard']"
16569,"['레드벨벳 - Ice Cream Cake : hard', '애프터스쿨 - 너 때문에 : hard', '지나유 - 처음사랑 : hard', '슈퍼주니어 - SUPERMAN : hard', 'N(엔) (VIXX) X 여은 (MelodyDay) - 니가 없는 난 : hard', '디아 - 날 위한 이별 : hard', 'Flower - 사랑은 알아도... : easy', ""박효신 - It's You : hard"", '포맨 - 살다가 한번쯤 : hard', '4MINUTE - 팜므파탈 : norm']"
16570,"['보아 - One Dream : easy', '슈퍼주니어 - SUPERMAN : hard', '포맨 - 살다가 한번쯤 : hard', ""박효신 - It's You : hard"", '레드벨벳 - Ice Cream Cake : hard', '요조 - 바나나파티 : hard', '형돈이와 대준이 - 안좋을때 들으면 더 안좋은 노래 : easy', '샤이니 - Last Christmas : norm', '더 콰이엇 - 진흙 속에서 피는 꽃 : easy', '지나 - 싫어 : easy']"
16571,"['더 콰이엇 - 진흙 속에서 피는 꽃 : easy', ""박효신 - It's You : hard"", '레드벨벳 - Ice Cream Cake : hard', 'Flower - 사랑은 알아도... : easy', '시스타 - One More Day : hard', '슈퍼주니어 - SUPERMAN : hard', '디아 - 날 위한 이별 : hard', '정동하 - Mystery (주군의 태양 OST) : hard', '포맨 - 살다가 한번쯤 : hard', '4MINUTE - 팜므파탈 : norm']"
16572,"['디아 - 날 위한 이별 : hard', '요조 - 바나나파티 : hard', '포맨 - 살다가 한번쯤 : hard', '봄바람 소년 - Only One : norm', '슈퍼주니어 - SUPERMAN : hard', '가인 - 피어나 : hard', '레드벨벳 - Ice Cream Cake : hard', '더 콰이엇 - 진흙 속에서 피는 꽃 : easy', 'Flower - 사랑은 알아도... : easy', ""박효신 - It's You : hard""]"
16573,"['NS 윤지 - 니가 뭘 알아 : easy', 'N(엔) (VIXX) X 여은 (MelodyDay) - 니가 없는 난 : hard', '박재민 - 하루 : norm', '오빠친구동생 - 소보루빵 : hard', '레드벨벳 - Ice Cream Cake : hard', '박효신 - 야생화 : hard', 'Flower - 사랑은 알아도... : easy', ""박효신 - It's You : hard"", '윤지훈 - 너밖에 몰라 : hard', '김장훈 - 어머니는 내 마음을 아세요 : hard']"
16574,"['레드벨벳 - Ice Cream Cake : hard', 'Flower - 사랑은 알아도... : easy', '슈퍼주니어 - SUPERMAN : hard', '더 콰이엇 - 진흙 속에서 피는 꽃 : easy', '포맨 - 살다가 한번쯤 : hard', '디아 - 날 위한 이별 : hard', 'NCT 127 - Switch : norm', ""박효신 - It's You : hard"", '봄바람 소년 - Only One : norm', '정동하 - Mystery (주군의 태양 OST) : hard']"
16575,"['빅스 - 사슬 : easy', '지나유 - 처음사랑 : hard', '김장훈 - 어머니는 내 마음을 아세요 : hard', 'DICKPUNKS - 지금을 잃고 싶지 않아 : hard', ""박효신 - It's You : hard"", 'N(엔) (VIXX) X 여은 (MelodyDay) - 니가 없는 난 : hard', '4MINUTE - 팜므파탈 : norm', 'Flower - 사랑은 알아도... : easy', '레드벨벳 - Ice Cream Cake : hard', '윤지훈 - 너밖에 몰라 : hard']"
16576,"['보아 - Only One (Instrumental) : easy', '레드벨벳 - Ice Cream Cake : hard', '딕펑스 - 한강에서 놀아요 : norm', '4MINUTE - 팜므파탈 : norm', '슈퍼주니어 - SUPERMAN : hard', '정동하 - Mystery (주군의 태양 OST) : hard', '디아 - 날 위한 이별 : hard', 'Flower - 사랑은 알아도... : easy', ""박효신 - It's You : hard"", '포맨 - 살다가 한번쯤 : hard']"
16577,"['4MINUTE - 팜므파탈 : norm', 'DICKPUNKS - 지금을 잃고 싶지 않아 : hard', '디아 - 날 위한 이별 : hard', 'N(엔) (VIXX) X 여은 (MelodyDay) - 니가 없는 난 : hard', '일렉트로보이즈 - love (feat. 승희 from brave new girl group) : hard', '인피니트 - Follow Me : hard', ""박효신 - It's You : hard"", '레드벨벳 - Ice Cream Cake : hard', '2NE1 - Goodbye : hard', '이지수 - 너야 : easy']"
16578,"['휘성 - Night and Day : easy', '윤지훈 - 너밖에 몰라 : hard', '레드벨벳 - Ice Cream Cake : hard', ""박효신 - It's You : hard"", 'Flower - 사랑은 알아도... : easy', '잔나비 - Goodnight (Intro) : hard', '인피니트 - Follow Me : hard', '잠비나이 - Connection : hard', 'N(엔) (VIXX) X 여은 (MelodyDay) - 니가 없는 난 : hard', '김장훈 - 어머니는 내 마음을 아세요 : hard']"
16579,"['유준상 - Love & Hate : hard', '좋아서하는밴드 - 우리 함께 하면 : norm', '한희정 - 러브레터 : norm', 'Flower - 사랑은 알아도... : easy', '슈퍼주니어 - SUPERMAN : hard', 'NS 윤지 - 니가 뭘 알아 : easy', '임창정 - 그렇게 당해놓고 (feat.마부스 OF 일렉트로보이즈) (inst) : norm', '샤이니 - Your Number : easy', 'EXO - Monster : hard', '아이유 - 스물셋 : hard']"
16580,"['안혜은 - 그녀를 찾지마 : easy', 'EXO - Monster : hard', '바스코 - Whoa Ha ! : norm', 'Lucia(심규선) - 녹여줘 : norm', 'N(엔) (VIXX) X 여은 (MelodyDay) - 니가 없는 난 : hard', '현아 -Red : hard', '다방 - Wanna Buy Love (여자친구 사주세요) (사랑을 살 수 있다면) : hard', '딕펑스 - 한강에서 놀아요 : norm', '비스트 - Let It Snow : norm', '스윙스 - 이겨낼거야 2 : norm']"
16581,"['f(x) - All Mine : hard', '에이핑크 - Secret Garden : easy', '잔나비 - Goodnight (Intro) : hard', '샤이니 - One : hard', '인피니트 - Follow Me : hard', '에일리 - 노래가 늘었어 : easy', '비투비 블루 - 내 곁에 서 있어줘 : hard', 'EXO - Monster : hard', 'DICKPUNKS - 지금을 잃고 싶지 않아 : hard', '4MINUTE - 팜므파탈 : norm']"
16582,"['인피니트 - 내꺼하자 : hard', 'EXO - Monster : hard', 'N(엔) (VIXX) X 여은 (MelodyDay) - 니가 없는 난 : hard', '이지수 - 너야 : easy', ""박효신 - It's You : hard"", '에이핑크 - Secret Garden : easy', '4MINUTE - 팜므파탈 : norm', 'Flower - 사랑은 알아도... : easy', '디아 - 날 위한 이별 : hard', '모던다락방 - All I Want Is 바라만봐도 : norm']"
16583,"['Flower - 사랑은 알아도... : easy', 'f(x) - Lollipop : hard', '딕펑스 - 한강에서 놀아요 : norm', '오빠친구동생 - 소보루빵 : hard', '수지 - Ring My Bell : hard', 'EXO - Monster : hard', '인피니트 - 붙박이 별 : hard', '정동하 - Mystery (주군의 태양 OST) : hard', '이지수 - 너야 : easy', '딕펑스 - 요즘 젊은 것들 : norm']"
16584,"[""박효신 - It's You : hard"", 'Flower - 사랑은 알아도... : easy', 'DICKPUNKS - 지금을 잃고 싶지 않아 : hard', '인피니트 - Follow Me : hard', '김장훈 - 어머니는 내 마음을 아세요 : hard', '이지수 - 너야 : easy', '잔나비 - Goodnight (Intro) : hard', '4MINUTE - 팜므파탈 : norm', 'EXO - Monster : hard', '애프터스쿨 - 너 때문에 : hard']"
16585,"['EXO - Monster : hard', '보아 - One Dream : easy', '시스타 - Say I Love You : hard', '오준성 - Enjoy Party : easy', '에이핑크 - It Girl : easy', '비스트 - 내가 아니야 : easy', '뉴이스트 - 나의 천국 : hard', '더 라임 그리워서 : norm', 'FTISLAND - 여자는 몰라 : easy', '틴탑 - Date : easy']"
16586,"['딕펑스 - 요즘 젊은 것들 : norm', '디아 - 날 위한 이별 : hard', '시스타 - One More Day : hard', '정동하 - Mystery (주군의 태양 OST) : hard', '이지수 - 너야 : easy', 'Flower - 사랑은 알아도... : easy', 'EXO - Monster : hard', ""박효신 - It's You : hard"", '딕펑스 - 한강에서 놀아요 : norm', '4MINUTE - 팜므파탈 : norm']"
16587,"['가인 - 피어나 : hard', 'EXO - Monster : hard', '딕펑스 - 한강에서 놀아요 : norm', '딕펑스 - 요즘 젊은 것들 : norm', '인피니트 - 붙박이 별 : hard', ""박효신 - It's You : hard"", '이지수 - 너야 : easy', '요조 - 바나나파티 : hard', 'Flower - 사랑은 알아도... : easy', '디아 - 날 위한 이별 : hard']"
16588,"['인피니트 - Follow Me : hard', ""박효신 - It's You : hard"", '박효신 - 야생화 : hard', 'Flower - 사랑은 알아도... : easy', 'EXO - Monster : hard', '김장훈 - 어머니는 내 마음을 아세요 : hard', 'N(엔) (VIXX) X 여은 (MelodyDay) - 니가 없는 난 : hard', '윤지훈 - 너밖에 몰라 : hard', '4MINUTE - 팜므파탈 : norm', '지나유 - 처음사랑 : hard']"
16589,"['윤미래 - 사랑이 맞을거야 : norm', 'NCT 127 - Switch : norm', 'Ailee - 폭풍속으로 : hard', '에일리 - 까꿍 : hard', '세븐틴 - 글쎄 : hard', '비투비 - 북 치고 장구 치고 : easy', '헨리(슈퍼주니어 M) - 1-4-3 (I Love You) : hard', '신용재 - 평범한 사랑 : norm', 'EXO - Monster : hard', '보아 - Kiss My Lips : easy']"
16590,"['효린 - 널 사랑하겠어 : easy', '백지영 - 내 귀에 캔디 : hard', '김종국 - 눈물자국 : easy', '빅스 - 사슬 : easy', 'EXO - Monster : hard', '오빠친구동생 - 소보루빵 : hard', '봄바람 소년 - Only One : norm', '레드벨벳 - Huff n Puff : easy', '디아 - 날 위한 이별 : hard', '산이 - Do It For Fun : norm']"
16591,"['보아 - Only One (Instrumental) : easy', 'EXO - Monster : hard', '샤이니 - One : hard', ""박효신 - It's You : hard"", 'Flower - 사랑은 알아도... : easy', '이지수 - 너야 : easy', 'f(x) - All Mine : hard', '잔나비 - Goodnight (Intro) : hard', '샤이니 - Wowowow : easy', '에이핑크 - Secret Garden : easy']"
16592,"['2NE1 - Goodbye : hard', '시크릿 - Madonna : easy', '비 - 널 붙잡을 노래 : hard', '태양 - Where U At : hard', '니엘 - 심쿵 : hard', '시스타 - 나혼자 : norm', 'EXO - Monster : hard', 'EXO - December, 2014 (The Winter’s Tale) : norm', '니엘 - 그런 날 : norm', '박재범 - Evolution (feat. Gray) : hard']"
16593,"['이지수 - 너야 : easy', ""박효신 - It's You : hard"", '인피니트 - Follow Me : hard', '휘성 - Night and Day : easy', '슈퍼주니어 - SUPERMAN : hard', 'Flower - 사랑은 알아도... : easy', 'EXO - Monster : hard', '잔나비 - Goodnight (Intro) : hard', '에이핑크 - Secret Garden : easy', 'DICKPUNKS - 지금을 잃고 싶지 않아 : hard']"
16594,"['아이유 - 스물셋 : hard', '샤이니 - Last Christmas : norm', '용준형(비스트) - Caffeine : easy', '현아 -Red : hard', '박보람 - 연예할래 : hard', '더 콰이엇 - 진흙 속에서 피는 꽃 : easy', '멜로디데이 - 마법의 성 : hard', '커피소년 - 바보 : hard', '성훈 - The Justice : hard', 'EXO - MY ANSWER : hard']"
16595,"['아이유 - 스물셋 : hard', '혁오 - Hooka : easy', '빅뱅 - Remember : hard', '이홍기 - Jump (뜨거운 안녕 OST) : hard', '아이유 - 입술 사이 (50cm) : easy', '더 콰이엇 - 진흙 속에서 피는 꽃 : easy', '이오공감 - 한 사람을 위한 마음 : norm', ""샤이니 - Don't Stop : norm"", 'EXO - Thunder : easy', '에일리 - 노래가 늘었어 : easy']"
16596,"['아이유 - 스물셋 : hard', '4MINUTE - 팜므파탈 : norm', '형돈이와 대준이 - 안좋을때 들으면 더 안좋은 노래 : easy', '포맨 - 살다가 한번쯤 : hard', '슈퍼주니어 - SUPERMAN : hard', '디아 - 날 위한 이별 : hard', 'Flower - 사랑은 알아도... : easy', '인피니트 - 내꺼하자 : hard', ""박효신 - It's You : hard"", '이지수 - 너야 : easy']"
16597,"['아이유 - 느리게 하는 일 : hard', 'f(x) - Lollipop : hard', '빅스 - Can’t say : hard', '어반자카파 - Rainbow Ride (Prelude) : hard', '업텐션 - Just Like That : easy', '디아 - 날 위한 이별 : hard', '나플라 - 우 : easy', '정동하 - Mystery (주군의 태양 OST) : hard', '슈퍼주니어 - SUPERMAN : hard', '아이유 - 스물셋 : hard']"
16598,"['규현 - Eternal Sunshine : hard', '에이핑크 - Secret Garden : easy', '디아 - 날 위한 이별 : hard', '정동하 - Mystery (주군의 태양 OST) : hard', '아이유 - 스물셋 : hard', 'Flower - 사랑은 알아도... : easy', '슈퍼주니어 - SUPERMAN : hard', ""박효신 - It's You : hard"", '애프터스쿨 - 너 때문에 : hard', '요조 - 바나나파티 : hard']"
16599,"['보아 - One Dream : easy', '앤츠 - 예쁜 너니까 : easy', 'AZIATIX - Lights : easy', '주영 - 들리나요 : hard', '비투비 - 두 번째 고백 : easy', '비투비 - For You : easy', '벤 - 안 괜찮아 : norm', '윤미래 - 사랑이 맞을거야 : norm', '아이유 - 스물셋 : hard', '현아 - 내 집에서 나가 : easy']"
16600,"['제아 - 그대 바보 : hard', ""연애말고결혼OST - What's Up : easy"", '아이유 - 스물셋 : hard', '김희진 - 이별얘기 : hard', '거미 - 너를 사랑해 : hard', '안녕하신가영 - 순간의 순간 : easy', '인피니트 - Real Story : easy', '시스타 - One More Day : hard', '채정아 - 죽어야 살까 : hard', '제시 - 쾌지나 칭칭나네 : easy']"
16601,"['가인 - 피어나 : hard', '아이유 - 스물셋 : hard', '비투비 - Anymore : easy', '크래용팝 - 1, 2, 3, 4 : hard', '가비엔제이 - 연애소설 : norm', '더 콰이엇 - 진흙 속에서 피는 꽃 : easy', '이승철 - 달링(프로듀사 OST) : norm', 'EXO - Baby : easy', '비스트 - Dance With U : hard', '린 - 이별주 : hard']"
16602,"['4MINUTE - Sweet Suga Honey! : easy', '린 - 이별주 : hard', '아이유 - 스물셋 : hard', '크래용팝 - 1, 2, 3, 4 : hard', '인피니트 - Julia : easy', '박효신 - 야생화 : hard', '비투비 - 스릴러 : hard', 'G.NA - 첫눈에 한눈에 : easy', '박재범 - 사실은 : easy', '엠블랙 - Y : hard']"
16603,"['빅뱅 - 맨정신 : hard', '스윙스 - a real lady : easy', '세븐틴 - 어른이 되면 : easy', '아이유 - 스물셋 : hard', '더 콰이엇 - 진흙 속에서 피는 꽃 : easy', '에일리 - 이제는 안녕 : hard', '업텐션 - Just Like That : easy', '이유성 - Butter Flying : norm', '아이유 - 느리게 하는 일 : hard', 'NCT 127 - Switch : norm']"
16604,"['아이유 - 스물셋 : hard', 'N(엔) (VIXX) X 여은 (MelodyDay) - 니가 없는 난 : hard', '슈퍼주니어 - SUPERMAN : hard', '김장훈 - 어머니는 내 마음을 아세요 : hard', '바람이 분다OST - 비밀의 방 : hard', '디아 - 날 위한 이별 : hard', 'Flower - 사랑은 알아도... : easy', ""박효신 - It's You : hard"", '윤도현 - 요즘 내 모습 : easy', '빅스 - 사슬 : easy']"
16605,"['아이유 - 스물셋 : hard', '보아 - Only One (Instrumental) : easy', '산들(B1A4) - 짝사랑 : norm', '업텐션 - Just Like That : easy', '아이유 - 느리게 하는 일 : hard', '이유성 - Butter Flying : norm', '백지영 - 안해요 : hard', '셰인 - Be My Love : norm', '그린 카카오 - 언젠가 그대 다시 만나면 : hard', '유미 - Last one (주군의 태양 OST) : norm']"
16606,"['2NE1 - Goodbye : hard', '아이유 - 스물셋 : hard', '앤츠 - 예쁜 너니까 : easy', '산들(B1A4) - 짝사랑 : norm', '그린 카카오 - 언젠가 그대 다시 만나면 : hard', '오빠친구동생 - 소보루빵 : hard', ""유성은 & 진영 - I'm In Love : hard"", '인피니트 - 맡겨 : norm', '백지영 - 비라도 내렸으면 좋겠어 : norm', '비투비 - 두 번째 고백 : easy']"
16607,"['산들 - 같이 걷는 길 : hard', '휘성 - Night and Day : easy', '아이유 - 스물셋 : hard', '업텐션 - Just Like That : easy', '앤츠 - 예쁜 너니까 : easy', '4MINUTE - BABABA : hard', '그린 카카오 - 언젠가 그대 다시 만나면 : hard', '몬스타엑스 - 출구는 없어 : easy', '라이너스의 담요 - Love Me : hard', '비투비 - 두 번째 고백 : easy']"
16608,"['에일리 - 노래가 늘었어 : easy', '현아 -Red : hard', '어반자카파 - Rainbow Ride (Prelude) : hard', '클래지콰이 프로젝트 - Android : norm', '앤츠 - 예쁜 너니까 : easy', '타루 - 세탁기 : norm', '한희정 - 러브레터 : norm', '예성 - 먹지 : hard', '4MINUTE - BABABA : hard', '이홍기 - Jump (뜨거운 안녕 OST) : hard']"
16609,"['정동하 - Mystery (주군의 태양 OST) : hard', '인피니트 - 내꺼하자 : hard', 'Flower - 사랑은 알아도... : easy', '현아 -Red : hard', ""박효신 - It's You : hard"", '에이핑크 - Secret Garden : easy', '샤이니 - Wowowow : easy', '샤이니 - One : hard', '슈퍼주니어 - SUPERMAN : hard', '잠비나이 - Connection : hard']"
16610,"['천둥 - Good : norm', '이지수 - 너야 : easy', ""박효신 - It's You : hard"", '인피니트 - Follow Me : hard', 'f(x) - Lollipop : hard', 'DICKPUNKS - 지금을 잃고 싶지 않아 : hard', '4MINUTE - 팜므파탈 : norm', 'NS 윤지 - 니가 뭘 알아 : easy', 'N(엔) (VIXX) X 여은 (MelodyDay) - 니가 없는 난 : hard', '현아 -Red : hard']"
16611,"['시스타 - Oh Baby : easy', '려욱 - 그대 : norm', '린 - 이별주 : hard', '방탄소년단 - Intro: Never Mind : easy', '애프터스쿨 - 너 때문에 : hard', '현아 -Red : hard', '샤이니 - Last Christmas : norm', ""박효신 - It's You : hard"", '슈퍼주니어 - SUPERMAN : hard', '방탄소년단 - 고엽 : easy']"
16612,"['현아 -Red : hard', '알파벳 - 답정너 : hard', '보아 - One Dream : easy', '더 콰이엇 - 진흙 속에서 피는 꽃 : easy', '지나 - 싫어 : easy', 'We are the night - 흐려도 좋아 : easy', '앤츠 - 예쁜 너니까 : easy', '더 라임 그리워서 : norm', '슈퍼주니어 - SUPERMAN : hard', '포맨 - 살다가 한번쯤 : hard']"
16613,"['샤이니 - Runaway : hard', '시스타 - One More Day : hard', '이지수 - 너야 : easy', '4MINUTE - 팜므파탈 : norm', '현아 -Red : hard', ""박효신 - It's You : hard"", 'Flower - 사랑은 알아도... : easy', '디아 - 날 위한 이별 : hard', '천둥 - Good : norm', '동방신기 - Humanoids : norm']"
16614,"['박수진 & 일렉트로보이즈 - 떨려요 : norm', '방탄소년단 - Intro: Never Mind : easy', '린 - 이별주 : hard', '방탄소년단 - 고엽 : easy', '현아 -Red : hard', '인피니트 - Julia : easy', '가인 - 피어나 : hard', '려욱 - 그대 : norm', '현아 - Change : hard', '샤이니 - Last Christmas : norm']"
16615,"[""박효신 - It's You : hard"", '디아 - 날 위한 이별 : hard', '더 콰이엇 - 진흙 속에서 피는 꽃 : easy', 'Flower - 사랑은 알아도... : easy', '이오공감 - 한 사람을 위한 마음 : norm', '현아 -Red : hard', '박효신 - 야생화 : hard', '샤이니 - Runaway : hard', '형돈이와 대준이 - 안좋을때 들으면 더 안좋은 노래 : easy', '이지수 - 너야 : easy']"
16616,"['더 콰이엇 - 진흙 속에서 피는 꽃 : easy', '박수진 & 일렉트로보이즈 - 떨려요 : norm', 'Beta89 - 청춘아 : easy', 'NS 윤지 - 니가 뭘 알아 : easy', '코코소리 - 다크서클 : hard', '딕펑스 - 요즘 젊은 것들 : norm', '지나 - 싫어 : easy', '현아 -Red : hard', '아우라 - 커졌다 작아졌다 : norm', 'NCT 127 - Switch : norm']"
16617,"['세븐틴 - 어른이 되면 : easy', '헨리 - Butterfly : easy', '시크릿 - POISON : easy', '민효린 & 진영 - 당신과 만난 이날 : norm', '이유성 - Butter Flying : norm', '현아 -Red : hard', '비스트 - 일하러 가야 돼 : easy', '블락비 - 몇 년 후에 : easy', '빅스 - 사슬 : easy', '오준성 - Out Of The Ghost : norm']"
16618,"['어반자카파 - Rainbow Ride (Prelude) : hard', '업텐션 - Just Like That : easy', '비투비 - 두 번째 고백 : easy', '셰인 - Be My Love : norm', '아이유 - 느리게 하는 일 : hard', '앤츠 - 예쁜 너니까 : easy', '악동뮤지션 - 매력있어 : hard', '현아 -Red : hard', '보아 - Only One (Instrumental) : easy', '헨리(슈퍼주니어 M) - 1-4-3 (I Love You) : hard']"
16619,"['앤츠 - 예쁜 너니까 : easy', ""유성은 & 진영 - I'm In Love : hard"", '2NE1 - Goodbye : hard', '비투비 - 두 번째 고백 : easy', '틴탑 - 우린 문제없어 : easy', '인피니트 - Amazing : norm', '에이핑크 - 하늘 높이 : hard', '씨잼 - 걍 음악이다 : norm', '릴보이 - 돈돈돈 : easy', '현아 -Red : hard']"
16620,"['잠비나이 - Connection : hard', '휘성 - Night and Day : easy', '미 - 온도 : norm', '더 콰이엇 - 진흙 속에서 피는 꽃 : easy', '현아 -Red : hard', ""박효신 - It's You : hard"", '디아 - 날 위한 이별 : hard', '슈퍼주니어 - SUPERMAN : hard', '포맨 - 살다가 한번쯤 : hard', 'NS 윤지 - 니가 뭘 알아 : easy']"
16621,"['비투비 블루 - 내 곁에 서 있어줘 : hard', '에이핑크 - Secret Garden : easy', ""박효신 - It's You : hard"", '이지수 - 너야 : easy', '에일리 - 노래가 늘었어 : easy', 'Flower - 사랑은 알아도... : easy', 'N(엔) (VIXX) X 여은 (MelodyDay) - 니가 없는 난 : hard', '모던다락방 - All I Want Is 바라만봐도 : norm', '인피니트 - 내꺼하자 : hard', '4MINUTE - 팜므파탈 : norm']"
16622,"['이지수 - 너야 : easy', '에이핑크 - Secret Garden : easy', 'MBLAQ - 유령(같이 사랑했잖아) : easy', ""박효신 - It's You : hard"", 'DICKPUNKS - 지금을 잃고 싶지 않아 : hard', '비스트 - Fiction : hard', '인피니트 - Follow Me : hard', '에일리 - 노래가 늘었어 : easy', '요조 - 바나나파티 : hard', 'f(x) - Lollipop : hard']"
16623,"[""바람이 분다OST - It's Over : hard"", 'DICKPUNKS - 지금을 잃고 싶지 않아 : hard', '인피니트 - Follow Me : hard', '김장훈 - 어머니는 내 마음을 아세요 : hard', '봄바람 소년 - Only One : norm', '잔나비 - Goodnight (Intro) : hard', ""박효신 - It's You : hard"", '애프터스쿨 - 너 때문에 : hard', '에일리 - 노래가 늘었어 : easy', 'Flower - 사랑은 알아도... : easy']"
16624,"['4MINUTE - BABABA : hard', '동방신기 - Humanoids : norm', '아이유 - 느리게 하는 일 : hard', '알레그로 - 우리가 스쳐온 서울 밤하늘엔 : norm', '보아 - One Dream : easy', '업텐션 - Just Like That : easy', '앤츠 - 예쁜 너니까 : easy', '어반자카파 - Rainbow Ride (Prelude) : hard', '에일리 - 노래가 늘었어 : easy', '백지영 - 안해요 : hard']"
16625,"[""박효신 - It's You : hard"", '잔나비 - Goodnight (Intro) : hard', 'f(x) - All Mine : hard', '이지수 - 너야 : easy', '인피니트 - Follow Me : hard', '비투비 블루 - 내 곁에 서 있어줘 : hard', '샤이니 - One : hard', '에일리 - 노래가 늘었어 : easy', '시스타 - One More Day : hard', 'Flower - 사랑은 알아도... : easy']"
16626,"['에일리 - 노래가 늘었어 : easy', '가인 - 피어나 : hard', 'Ra.L - 잠을 좀 자고싶어요 : easy', '이유림 - 이런 기분 : norm', 'EXO - Let Out The Beast : hard', 'EXO - Cloud 9 : easy', '바이브 - 외로운 놈 : norm', '보경, 셰인 - Summer Love : norm', '백지영 - 사랑아 또 사랑아 : easy', 'B.A.P - 빗소리 : easy']"
16627,"['에일리 - 노래가 늘었어 : easy', '박효신 - 야생화 : hard', '에이핑크 - Secret Garden : easy', ""박효신 - It's You : hard"", 'DICKPUNKS - 지금을 잃고 싶지 않아 : hard', 'Flower - 사랑은 알아도... : easy', 'N(엔) (VIXX) X 여은 (MelodyDay) - 니가 없는 난 : hard', '4MINUTE - 팜므파탈 : norm', '인피니트 - Follow Me : hard', '디아 - 날 위한 이별 : hard']"
16628,"['비스트 - Fiction : hard', '프롬 - 달의 뒤편으로 와요 : norm', ""박효신 - It's You : hard"", '레드벨벳 - 장미꽃 향기는 바람에 날리고 : hard', '천둥 - Good : norm', '임창정 - 그렇게 당해놓고 : norm', '에이핑크 - Secret Garden : easy', '스윗소로우 - 별 일 아니에요 (연애의 발견 OST) : norm', 'NCT 127 - Switch : norm', '에일리 - 노래가 늘었어 : easy']"
16629,"[""박효신 - It's You : hard"", 'DICKPUNKS - 지금을 잃고 싶지 않아 : hard', '4MINUTE - 팜므파탈 : norm', '디아 - 날 위한 이별 : hard', 'Flower - 사랑은 알아도... : easy', '이지수 - 너야 : easy', '에일리 - 노래가 늘었어 : easy', 'N(엔) (VIXX) X 여은 (MelodyDay) - 니가 없는 난 : hard', '지훈 - 너만 생각나 : hard', '빅스 - 사슬 : easy']"
16630,"['딕펑스 - 니가보여 : easy', '아이유 - 무릎 : hard', '참깨와 솜사탕 - 키스미 : norm', '샤이니 - Hold You : easy', '세븐틴 - 이 놈의 인기 : easy', 'B1A4 - Chu Chu Chu : easy', '한희정 - 러브레터 : norm', '보아 - Only One (Instrumental) : easy', '에일리 - 노래가 늘었어 : easy', '악뮤 - 다리꼬지마 : hard']"
16631,"['라디(Ra.D) - Lovesome : hard', '4MINUTE - Sweet Suga Honey! : easy', '시스타 - Give It To Me (Reno Remix) : hard', '방탄소년단 - Intro: Skool Luv Affair : easy', '멜로디데이 - Lake Wave (주군의 태양 OST) : easy', 'DEAN - And You? (Outro) : easy', 'f(x) - MILK : norm', '비스트 - 예이 : hard', '에일리 - 노래가 늘었어 : easy', '2NE1 - Goodbye : hard']"
16632,"['세븐틴 - 이 놈의 인기 : easy', '태양 - 기도 (feat. Teddy) : hard', '요조 - 뒹굴뒹굴 : hard', '정은지 - 하늘바라기 : easy', '딕펑스 - 니가보여 : easy', '샤이니 - Hold You : easy', '휘성 - Night and Day : easy', '이오공감 - 한 사람을 위한 마음 : norm', '스윗소로우 - 별 일 아니에요 (연애의 발견 OST) : norm', '에일리 - 노래가 늘었어 : easy']"
16633,"['슈퍼주니어 - SUPERMAN : hard', 'Flower - 사랑은 알아도... : easy', '천둥 - Good : norm', '포맨 - 살다가 한번쯤 : hard', ""박효신 - It's You : hard"", '잠비나이 - Connection : hard', '연애말고 결혼 OST - Love Knots : hard', 'f(x) - Lollipop : hard', '인피니트 - 내꺼하자 : hard', '정동하 - Mystery (주군의 태양 OST) : hard']"
16634,"['N(엔) (VIXX) X 여은 (MelodyDay) - 니가 없는 난 : hard', '4MINUTE - 팜므파탈 : norm', '포맨 - 살다가 한번쯤 : hard', '잠비나이 - Connection : hard', 'Flower - 사랑은 알아도... : easy', ""박효신 - It's You : hard"", '디아 - 날 위한 이별 : hard', '슈퍼주니어 - SUPERMAN : hard', '애프터스쿨 - 너 때문에 : hard', '인피니트 - 내꺼하자 : hard']"
16635,"['인피니트 - 내꺼하자 : hard', 'Flower - 사랑은 알아도... : easy', '잠비나이 - Connection : hard', '에일리 - 여인의 향기 : hard', 'NS 윤지 - 니가 뭘 알아 : easy', ""박효신 - It's You : hard"", '보아 - One Dream : easy', '더 콰이엇 - 진흙 속에서 피는 꽃 : easy', '포맨 - 살다가 한번쯤 : hard', '엠블랙 - Y : hard']"
16636,"['슈퍼주니어 - SUPERMAN : hard', '디아 - 날 위한 이별 : hard', '천둥 - Good : norm', 'Flower - 사랑은 알아도... : easy', '이지수 - 너야 : easy', '4MINUTE - 팜므파탈 : norm', '시스타 - One More Day : hard', '포맨 - 살다가 한번쯤 : hard', '인피니트 - 내꺼하자 : hard', ""박효신 - It's You : hard""]"
16637,"['이지수 - 너야 : easy', '정동하 - Mystery (주군의 태양 OST) : hard', '인피니트 - Follow Me : hard', '동방신기 - Humanoids : norm', ""박효신 - It's You : hard"", '인피니트 - 내꺼하자 : hard', 'Flower - 사랑은 알아도... : easy', '디아 - 날 위한 이별 : hard', '4MINUTE - 팜므파탈 : norm', '가인 - 피어나 : hard']"
16638,"['포맨 - 살다가 한번쯤 : hard', '인피니트 - 내꺼하자 : hard', ""박효신 - It's You : hard"", '더 콰이엇 - 진흙 속에서 피는 꽃 : easy', 'Flower - 사랑은 알아도... : easy', '박효신 - 야생화 : hard', '형돈이와 대준이 - 안좋을때 들으면 더 안좋은 노래 : easy', '슈퍼주니어 - SUPERMAN : hard', '신용재 - 평범한 사랑 : norm', '디아 - 날 위한 이별 : hard']"
16639,"['인피니트 - 내꺼하자 : hard', 'NCT 127 - Switch : norm', '더 콰이엇 - 진흙 속에서 피는 꽃 : easy', '디아 - 날 위한 이별 : hard', '신용재 - 평범한 사랑 : norm', '방탄소년단 - Intro: Never Mind : easy', '샤이니 - Runaway : hard', '방탄소년단 - 고엽 : easy', '규현 - Eternal Sunshine : hard', ""박효신 - It's You : hard""]"
16640,"[""박효신 - It's You : hard"", '안혜은 - 그녀를 찾지마 : easy', '윤도현 - 요즘 내 모습 : easy', 'NS 윤지 - 니가 뭘 알아 : easy', '디아 - 날 위한 이별 : hard', '김종국 - 눈물자국 : easy', '빅스 - 사슬 : easy', '포맨 - 살다가 한번쯤 : hard', '인피니트 - 내꺼하자 : hard', '슈퍼주니어 - SUPERMAN : hard']"
16641,"['Flower - 사랑은 알아도... : easy', ""박효신 - It's You : hard"", '이지수 - 너야 : easy', '에이핑크 - Secret Garden : easy', '보아 - Only One (Instrumental) : easy', '인피니트 - 내꺼하자 : hard', '디아 - 날 위한 이별 : hard', '정동하 - Mystery (주군의 태양 OST) : hard', '슈퍼주니어 - SUPERMAN : hard', '인피니트 - Follow Me : hard']"
16642,"['윤미래 - Who : easy', '미(MIIII) - Not-Boyfriend : easy', '엠블랙 - Again : hard', '어쿠루브 - 그날 : easy', '뉴이스트 - 나의 천국 : hard', '더 콰이엇 - 진흙 속에서 피는 꽃 : easy', '2NE1 - Goodbye : hard', '인피니트 - 내꺼하자 : hard', '한희정 - 러브레터 : norm', '여자친구 - 나침반 : hard']"
16643,"[""박효신 - It's You : hard"", 'Flower - 사랑은 알아도... : easy', '잔나비 - Goodnight (Intro) : hard', '포맨 - 살다가 한번쯤 : hard', '잠비나이 - Connection : hard', '인피니트 - Follow Me : hard', '정동하 - Mystery (주군의 태양 OST) : hard', '슈퍼주니어 - SUPERMAN : hard', '휘성 - Night and Day : easy', '인피니트 - 내꺼하자 : hard']"
16644,"[""박효신 - It's You : hard"", '방탄소년단 - Intro: Never Mind : easy', '방탄소년단 - 고엽 : easy', '애프터스쿨 - 너 때문에 : hard', '더 콰이엇 - 진흙 속에서 피는 꽃 : easy', '유준상 - Love & Hate : hard', '린 - 이별주 : hard', '비투비 - 자리비움 : easy', 'f(x) - Lollipop : hard', 'Flower - 사랑은 알아도... : easy']"
16645,"['f(x) - Lollipop : hard', '어반자카파 - Rainbow Ride (Prelude) : hard', '지코 - 날 : easy', '앤츠 - 예쁜 너니까 : easy', '동방신기 - 아테나 : hard', 'YoungAh - 이별통보 : hard', '셰인 - Be My Love : norm', ""The K2 OST - Anna's Appassionata : easy"", '오빠친구동생 - 소보루빵 : hard', '보아 - One Dream : easy']"
16646,"['천둥 - Good : norm', '더 콰이엇 - 진흙 속에서 피는 꽃 : easy', '방탄소년단 - Intro: Never Mind : easy', '비투비 - Killing Me : hard', '방탄소년단 - 고엽 : easy', '샤이니 - Your Number : easy', '어반자카파 - Rainbow Ride (Prelude) : hard', '박수진 & 일렉트로보이즈 - 떨려요 : norm', '시스타 - One More Day : hard', 'f(x) - Lollipop : hard']"
16647,"['안현정 - 그대와 나 : hard', '여은 - 사랑아 나의 사랑아 : norm', '가인 - 피어나 : hard', '샤이니 - Last Christmas : norm', '에일리 - 이제는 안녕 : hard', '비투비 - Killing Me : hard', '에이핑크 - 몰라요 : hard', 'f(x) - Lollipop : hard', '방탄소년단 - Intro: Never Mind : easy', '방탄소년단 - 고엽 : easy']"
16648,"[""박효신 - It's You : hard"", 'Flower - 사랑은 알아도... : easy', '디아 - 날 위한 이별 : hard', '잠비나이 - Connection : hard', 'N(엔) (VIXX) X 여은 (MelodyDay) - 니가 없는 난 : hard', '4MINUTE - 팜므파탈 : norm', '김장훈 - 어머니는 내 마음을 아세요 : hard', 'f(x) - Lollipop : hard', '지나유 - 처음사랑 : hard', '박효신 - 야생화 : hard']"
16649,"['보아 - Home : easy', 'f(x) - Lollipop : hard', '에이핑크 - 몰라요 : hard', '안현정 - 그대와 나 : hard', '어반자카파 - Rainbow Ride (Prelude) : hard', 'NCT 127 - Switch : norm', '방탄소년단 - Intro: Never Mind : easy', '시크릿 - POISON : easy', '천둥 - Good : norm', '참깨와 솜사탕 - 키스미 : norm']"
16650,"['디아 - 날 위한 이별 : hard', ""박효신 - It's You : hard"", '악뮤 - 다리꼬지마 : hard', '슬리피 - 기분탓 : easy', '에일리 - 이제는 안녕 : hard', '인피니트 - 붙박이 별 : hard', '오빠친구동생 - 소보루빵 : hard', '빅스 - 사슬 : easy', '레드벨벳 - Huff n Puff : easy', 'f(x) - Lollipop : hard']"
16651,"['보아 - Only One (Instrumental) : easy', '슈퍼주니어 - SUPERMAN : hard', '코코소리 - 다크서클 : hard', '이지수 - 너야 : easy', 'Beta89 - 청춘아 : easy', '샤이니 - Last Christmas : norm', 'Flower - 사랑은 알아도... : easy', '더 콰이엇 - 진흙 속에서 피는 꽃 : easy', ""박효신 - It's You : hard"", 'f(x) - Lollipop : hard']"
16652,"['유성은 - 500일의 Summer : easy', '레인보우 유아동요 - 숲 속의 음악가 : easy', 'f(x) - MILK : norm', 'HUS - Space Loves Disco : hard', 'f(x) - Lollipop : hard', '효린 - 미치게 만들어 : hard', '백지영 - 사랑아 또 사랑아 : easy', '2NE1 - Goodbye : hard', '악동뮤지션 - 외국인의 고백 : norm', 'FTISLAND - 새들처럼 : hard']"
16653,"['Flower - 사랑은 알아도... : easy', '디아 - 날 위한 이별 : hard', '이지수 - 너야 : easy', '샤이니 - Your Number : easy', ""박효신 - It's You : hard"", '천둥 - Good : norm', 'f(x) - Lollipop : hard', '샤이니 - Last Christmas : norm', '휘성 - Night and Day : easy', '인피니트 - 붙박이 별 : hard']"
16654,"['더 콰이엇 - 진흙 속에서 피는 꽃 : easy', 'NS 윤지 - 니가 뭘 알아 : easy', '샤이니 - Last Christmas : norm', '방탄소년단 - 고엽 : easy', '포맨 - 살다가 한번쯤 : hard', ""박효신 - It's You : hard"", '봄바람 소년 - Only One : norm', '슈퍼주니어 - SUPERMAN : hard', '애프터스쿨 - 너 때문에 : hard', '보아 - One Dream : easy']"
16655,"['에이핑크 - Secret Garden : easy', '애프터스쿨 - 너 때문에 : hard', '시스타 - One More Day : hard', ""비스트 - I'm sorry : easy"", '샤이니 - Wowowow : easy', '샤이니 - One : hard', '연애말고 결혼 OST - Love Knots : hard', '잔나비 - Goodnight (Intro) : hard', '비투비 블루 - 내 곁에 서 있어줘 : hard', '형돈이와 대준이 - 안좋을때 들으면 더 안좋은 노래 : easy']"
16656,"['정동하 - Mystery (주군의 태양 OST) : hard', 'Flower - 사랑은 알아도... : easy', '슈퍼주니어 - SUPERMAN : hard', '샤이니 - Last Christmas : norm', '더 콰이엇 - 진흙 속에서 피는 꽃 : easy', '가인 - 피어나 : hard', '애프터스쿨 - 너 때문에 : hard', ""박효신 - It's You : hard"", '포맨 - 살다가 한번쯤 : hard', '방탄소년단 - 고엽 : easy']"
16657,"['오빠친구동생 - 소보루빵 : hard', '애프터스쿨 - 너 때문에 : hard', '박효신 - 야생화 : hard', ""박효신 - It's You : hard"", 'Flower - 사랑은 알아도... : easy', 'N(엔) (VIXX) X 여은 (MelodyDay) - 니가 없는 난 : hard', '김장훈 - 어머니는 내 마음을 아세요 : hard', '포맨 - 살다가 한번쯤 : hard', '4MINUTE - 팜므파탈 : norm', '스트레이 - Tonight : norm']"
16658,"['Flower - 사랑은 알아도... : easy', '방탄소년단 - Intro: Never Mind : easy', '샤이니 - Last Christmas : norm', '에일리 - 이제는 안녕 : hard', '김장훈 - 어머니는 내 마음을 아세요 : hard', '디아 - 날 위한 이별 : hard', '유준상 - Love & Hate : hard', 'NCT 127 - Switch : norm', '애프터스쿨 - 너 때문에 : hard', ""박효신 - It's You : hard""]"
16659,"['디아 - 날 위한 이별 : hard', 'Flower - 사랑은 알아도... : easy', ""박효신 - It's You : hard"", '빅스 - 사슬 : easy', '애프터스쿨 - 너 때문에 : hard', '지훈 - 너만 생각나 : hard', '지나유 - 처음사랑 : hard', '정동하 - Mystery (주군의 태양 OST) : hard', '4MINUTE - 팜므파탈 : norm', 'N(엔) (VIXX) X 여은 (MelodyDay) - 니가 없는 난 : hard']"
16660,"[""비스트 - I'm sorry : easy"", '애프터스쿨 - 너 때문에 : hard', 'f(x) - All Mine : hard', '에이핑크 - Secret Garden : easy', '비투비 블루 - 내 곁에 서 있어줘 : hard', '보아 - Only One (Instrumental) : easy', ""박효신 - It's You : hard"", '잔나비 - Goodnight (Intro) : hard', '샤이니 - Wowowow : easy', '샤이니 - One : hard']"
16661,"['애프터스쿨 - 너 때문에 : hard', '2NE1 - Goodbye : hard', 'f(x) - Beautiful Goodbye : easy', '제이스 - 라디오 스타 : norm', '타코 & 제이형 - 어떡하죠 : norm', '크래용팝 - 1, 2, 3, 4 : hard', '시스타 - 니까짓게 : hard', '최가람 - Broken Heart : easy', '비 - 30 SEXY (East4a deeptech mix) : norm', '지놉 - 여기봐요 : norm']"
16662,"['봄바람 소년 - Only One : norm', '애프터스쿨 - 너 때문에 : hard', '인피니트 - Follow Me : hard', '디아 - 날 위한 이별 : hard', '정동하 - Mystery (주군의 태양 OST) : hard', '슈퍼주니어 - SUPERMAN : hard', 'Flower - 사랑은 알아도... : easy', ""박효신 - It's You : hard"", '휘성 - Night and Day : easy', '잔나비 - Goodnight (Intro) : hard']"
16663,"['틴탑 - Date : easy', '어반자카파 - Rainbow Ride (Prelude) : hard', '시스타 - One More Day : hard', 'K.Will - 눈물이 뚝뚝 : easy', '셰인 - Be My Love : norm', '블루베어스 & 택연 - 오늘 같은 밤 : hard', '윤도현 - 사랑했나봐 : easy', '앤츠 - 예쁜 너니까 : easy', '창민 & 다희 - 한 사람만 보여요 (최고다 이순신 OST) : hard', '보아 - One Dream : easy']"
16664,"['에일리 - 이제는 안녕 : hard', '여은 - 사랑아 나의 사랑아 : norm', '샤이니 - Runaway : hard', '샤이니 - Last Christmas : norm', '보아 - One Dream : easy', '방탄소년단 - Intro: Never Mind : easy', '가인 - 피어나 : hard', '박수진 & 일렉트로보이즈 - 떨려요 : norm', '지나 - 싫어 : easy', '방탄소년단 - 고엽 : easy']"
16665,"['개리 - 둥둥 : easy', '최철호 - Der Rosenkavalier : hard', '보아 - One Dream : easy', '지나 - 싫어 : easy', 'Flower - 사랑은 알아도... : easy', '샤이니 - Runaway : hard', ""박효신 - It's You : hard"", '박수진 & 일렉트로보이즈 - 떨려요 : norm', '박효신 - 야생화 : hard', '이오공감 - 한 사람을 위한 마음 : norm']"
16666,"['보아 - One Dream : easy', '산들(B1A4) - 짝사랑 : norm', '스윙스 - a real lady : easy', '박재범 - Forever : hard', '샤이니 - 너의 노래가 되어 : hard', '박수진 & 일렉트로보이즈 - 떨려요 : norm', '지나 - 싫어 : easy', 'We are the night - 흐려도 좋아 : easy', '임창정 - 그렇게 당해놓고 (feat.마부스 OF 일렉트로보이즈) (inst) : norm', 'NCT 127 - Switch : norm']"
16667,"['인피니트 - 붙박이 별 : hard', '샤이니 - Your Number : easy', '더 콰이엇 - 진흙 속에서 피는 꽃 : easy', '봄바람 소년 - Only One : norm', 'Flower - 사랑은 알아도... : easy', '정동하 - Mystery (주군의 태양 OST) : hard', '빅스 - 사슬 : easy', '보아 - One Dream : easy', '슈퍼주니어 - SUPERMAN : hard', ""박효신 - It's You : hard""]"
16668,"['보아 - Only One (Instrumental) : easy', '유미 - Last one (주군의 태양 OST) : norm', '슈퍼주니어 - Let’s Dance : hard', '알레그로 - 우리가 스쳐온 서울 밤하늘엔 : norm', '앤츠 - 예쁜 너니까 : easy', '몬스타엑스 - 히어로 : hard', '에일리 - Live or Die : easy', '악뮤 - 다리꼬지마 : hard', '어반자카파 - Rainbow Ride (Prelude) : hard', '보아 - One Dream : easy']"
16669,"['제이켠 - 나쁜 X : norm', '어반자카파 - Rainbow Ride (Prelude) : hard', '거미 - 너를 사랑해 : hard', 'AZIATIX - Lights : easy', '비투비 - 두 번째 고백 : easy', '앤츠 - 예쁜 너니까 : easy', '에이핑크 - 하늘 높이 : hard', '2NE1 - Goodbye : hard', '보아 - One Dream : easy', '릴보이 - 돈돈돈 : easy']"
16670,"['보아 - One Dream : easy', '슈퍼주니어 - SUPERMAN : hard', '에이핑크 - BUBIBU : norm', '엠블랙 - Y : hard', '지나 - 싫어 : easy', '시스타 - Sunshine : hard', '주영 - 들리나요 : hard', '앤츠 - 예쁜 너니까 : easy', '휘성 - Night and Day : easy', '더 콰이엇 - 진흙 속에서 피는 꽃 : easy']"
16671,"['가인 - 피어나 : hard', '어반자카파 - Rainbow Ride (Prelude) : hard', '김남주 & 육성재 - 사진 : norm', '뉴이스트 - 나의 천국 : hard', '한희정 - 러브레터 : norm', '참깨와 솜사탕 - 키스미 : norm', '이홍기 - Jump (뜨거운 안녕 OST) : hard', '시스타 - One More Day : hard', '클래지콰이 프로젝트 - Android : norm', '더 콰이엇 - 진흙 속에서 피는 꽃 : easy']"
16672,"['시스타 - One More Day : hard', 'Beta89 - 청춘아 : easy', '박효신 - 야생화 : hard', '더 콰이엇 - 진흙 속에서 피는 꽃 : easy', '형돈이와 대준이 - 안좋을때 들으면 더 안좋은 노래 : easy', '포맨 - 살다가 한번쯤 : hard', 'EXO - MY ANSWER : hard', '코코소리 - 다크서클 : hard', '요조 - 바나나파티 : hard', '샤이니 - Last Christmas : norm']"
16673,"['에일리 - 이제는 안녕 : hard', '에이핑크 - 몰라요 : hard', '안현정 - 그대와 나 : hard', '어반자카파 - Rainbow Ride (Prelude) : hard', '방탄소년단 - Intro: Never Mind : easy', '시크릿 - POISON : easy', '시스타 - One More Day : hard', 'NCT 127 - Switch : norm', '더 콰이엇 - 진흙 속에서 피는 꽃 : easy', '샤이니 - Evil : hard']"
16674,"['에이핑크 - Secret Garden : easy', '비스트 - Fiction : hard', '모던다락방 - All I Want Is 바라만봐도 : norm', '디아 - 날 위한 이별 : hard', 'Flower - 사랑은 알아도... : easy', 'DICKPUNKS - 지금을 잃고 싶지 않아 : hard', '이지수 - 너야 : easy', '시스타 - One More Day : hard', '빅스 - 사슬 : easy', ""박효신 - It's You : hard""]"
16675,"['샤이니 - One : hard', '시스타 - One More Day : hard', ""비스트 - I'm sorry : easy"", '연애말고 결혼 OST - Love Knots : hard', '샤이니 - Wowowow : easy', '에이핑크 - Secret Garden : easy', '비스트 - Fiction : hard', 'K.Will - 눈물이 뚝뚝 : easy', '잔나비 - Goodnight (Intro) : hard', '보아 - Only One (Instrumental) : easy']"
16676,"['이오공감 - 한 사람을 위한 마음 : norm', '딕펑스 - 들리지 않겠죠 : easy', '안현정 - 그대와 나 : hard', '뉴이스트 - 나의 천국 : hard', '엠블랙 - Y : hard', 'B1A4 - 몇 번을 : hard', '박재범 - Evolution (feat. Gray) : hard', '더 라임 그리워서 : norm', '2NE1 - Goodbye : hard', '시스타 - One More Day : hard']"
16677,"['휘성 - Night and Day : easy', '시스타 - One More Day : hard', '샤이니 - One : hard', ""비스트 - I'm sorry : easy"", '에이핑크 - Secret Garden : easy', '잔나비 - Goodnight (Intro) : hard', 'f(x) - All Mine : hard', '천둥 - Good : norm', '연애말고 결혼 OST - Love Knots : hard', ""박효신 - It's You : hard""]"
16678,"['박효신 - 야생화 : hard', '가인 - 피어나 : hard', 'B1A4 - 둘만 있으면 : easy', 'Second Moon - 다음 이시간에 : easy', '더 콰이엇 - 진흙 속에서 피는 꽃 : easy', '슈퍼주니어 - SUPERMAN : hard', 'NS 윤지 - 니가 뭘 알아 : easy', '포맨 - 살다가 한번쯤 : hard', '클래지콰이 프로젝트 - Madly : norm', '지나 - 싫어 : easy']"
16679,"['뉴클리어스 - 깃길 : easy', '가인 - 피어나 : hard', '더 콰이엇 - 진흙 속에서 피는 꽃 : easy', '크래용팝 - 1, 2, 3, 4 : hard', '샤이니 - Evil : hard', '보아 - Home : easy', 'NCT 127 - Switch : norm', '김남주 & 육성재 - 사진 : norm', '방탄소년단 - Intro: Never Mind : easy', '태양 - 기도 (feat. Teddy) : hard']"
16680,"['크래용팝 - 1, 2, 3, 4 : hard', '방탄소년단 - 고엽 : easy', '샤이니 - Evil : hard', '비투비 - 자리비움 : easy', '더 콰이엇 - 진흙 속에서 피는 꽃 : easy', '가인 - 피어나 : hard', '방탄소년단 - Intro: Never Mind : easy', '빅스 - 사슬 : easy', '에이프릴 - 스노우맨 : norm', '홍대광 - 아닌가요 : hard']"
16681,"['아이유 - 느리게 하는 일 : hard', '한희정 - 러브레터 : norm', '뉴이스트 - 나의 천국 : hard', '안현정 - 그대와 나 : hard', '황치열, 리싸 - 이 밤의 끝을 잡고 : easy', '이유성 - Butter Flying : norm', '더 콰이엇 - 진흙 속에서 피는 꽃 : easy', '가인 - 피어나 : hard', '유미 - Last one (주군의 태양 OST) : norm', '보아 - Only One (Instrumental) : easy']"
16682,"['안현정 - 그대와 나 : hard', '뉴이스트 - 나의 천국 : hard', 'B1A4 - 몇 번을 : hard', '2NE1 - Goodbye : hard', '수지 - Ring My Bell : hard', '멜로디데이 - Lake Wave (주군의 태양 OST) : easy', '이오공감 - 한 사람을 위한 마음 : norm', '주헌, 형원, I.M - 인터스텔라 (Interstellar) : hard', '더 케이투 OST - The K2 Main Theme : norm', '가인 - 피어나 : hard']"
16683,"[""박효신 - It's You : hard"", '천둥 - Good : norm', '가인 - 피어나 : hard', '휘성 - Night and Day : easy', 'Flower - 사랑은 알아도... : easy', '이지수 - 너야 : easy', '정동하 - Mystery (주군의 태양 OST) : hard', '디아 - 날 위한 이별 : hard', '4MINUTE - 팜므파탈 : norm', '슈퍼주니어 - SUPERMAN : hard']"
16684,"['NCT 127 - Switch : norm', '박효신 - 야생화 : hard', '태양 - 기도 (feat. Teddy) : hard', '더 콰이엇 - 진흙 속에서 피는 꽃 : easy', '샤이니 - Evil : hard', '김남주 & 육성재 - 사진 : norm', '안현정 - 그대와 나 : hard', '한희정 - 러브레터 : norm', '뉴클리어스 - 깃길 : easy', '어반자카파 - Rainbow Ride (Prelude) : hard']"
16685,"['빅스 - 사슬 : easy', '슈퍼주니어 - SUPERMAN : hard', '더 콰이엇 - 진흙 속에서 피는 꽃 : easy', '샤이니 - Last Christmas : norm', '박효신 - 야생화 : hard', '코코소리 - 다크서클 : hard', '방탄소년단 - Intro: Never Mind : easy', 'Lucia(심규선) - 녹여줘 : norm', ""박효신 - It's You : hard"", 'Beta89 - 청춘아 : easy']"
16686,"['보아 - Only One (Instrumental) : easy', '박효신 - 야생화 : hard', '포맨 - 살다가 한번쯤 : hard', ""박효신 - It's You : hard"", '슈퍼주니어 - SUPERMAN : hard', '더 콰이엇 - 진흙 속에서 피는 꽃 : easy', 'Lucia(심규선) - 녹여줘 : norm', 'Beta89 - 청춘아 : easy', '바스코 - Whoa Ha ! : norm', '코코소리 - 다크서클 : hard']"
16687,"['박효신 - 야생화 : hard', '니엘 - 심쿵 : hard', '에이핑크 - 하늘 높이 : hard', '시크릿 - Madonna : easy', '태민 - One By One : norm', '송지은 - 예쁜 나이 25살 : norm', '디아 - 날 위한 이별 : hard', '민연재 - 비행소녀 : hard', '2NE1 - Goodbye : hard', 'We are the night - 흐려도 좋아 : easy']"
16688,"['김예림 - 행복한 나를 : hard', 'DEAN - Bonnie & Clyde : easy', 'f(x) - Stand Up : norm', 'B.A.P - 0 (Zero) : easy', 'B.A.P - Fermata : hard', '니엘 - 아포카토 : easy', '박효신 - 야생화 : hard', '휘성 - Night and Day : easy', '셰인 - Be My Love : norm', '4minute - 이름이 뭐예요? : norm']"
16689,"['NCT 127 - Switch : norm', '빅스 - 사슬 : easy', '시크릿 - POISON : easy', '악뮤 - 다리꼬지마 : hard', 'B1A4 - 몇 번을 : hard', '어반자카파 - Rainbow Ride (Prelude) : hard', '보경, 셰인 - Summer Love : norm', '방탄소년단 - Intro: Never Mind : easy', '샤이니 - Evil : hard', '이오공감 - 한 사람을 위한 마음 : norm']"
16690,"['샤이니 - Your Number : easy', '임창정 - 그렇게 당해놓고 (feat.마부스 OF 일렉트로보이즈) (inst) : norm', '더 콰이엇 - 진흙 속에서 피는 꽃 : easy', '태양 - 기도 (feat. Teddy) : hard', '황치열, 리싸 - 이 밤의 끝을 잡고 : easy', '에일리 - 이제는 안녕 : hard', '보아 - Only One (Instrumental) : easy', '김남주 & 육성재 - 사진 : norm', '방탄소년단 - Intro: Never Mind : easy', 'NCT 127 - Switch : norm']"
16691,"['김현우 - Love Blowing : norm', 'NCT 127 - Switch : norm', '한희정 - 입맞춤, 입술의 춤 : hard', '2NE1 - Goodbye : hard', '오준성 - The Chorus Of Knights : easy', '악동뮤지션 - 사람들이 움직이는 게 : hard', '인피니트 - 붙박이 별 : hard', '딕펑스 - 요즘 젊은 것들 : norm', '백지영 - 사랑아 또 사랑아 : easy', '이지수 - 너야 : easy']"
16692,"['휘성 - Night and Day : easy', '방탄소년단 - Intro: Never Mind : easy', '딕펑스 - 요즘 젊은 것들 : norm', '샤이니 - Your Number : easy', '천둥 - Good : norm', '황치열, 리싸 - 이 밤의 끝을 잡고 : easy', '더 콰이엇 - 진흙 속에서 피는 꽃 : easy', 'NCT 127 - Switch : norm', '어반자카파 - Rainbow Ride (Prelude) : hard', '정동하 - Mystery (주군의 태양 OST) : hard']"
16693,"['오빠친구동생 - 소보루빵 : hard', '딕펑스 - 한강에서 놀아요 : norm', '이지수 - 너야 : easy', '스트레이 - Tonight : norm', ""박효신 - It's You : hard"", '디아 - 날 위한 이별 : hard', '보아 - Only One (Instrumental) : easy', 'Flower - 사랑은 알아도... : easy', '빅스 - 사슬 : easy', '딕펑스 - 요즘 젊은 것들 : norm']"
16694,"['2NE1 - Goodbye : hard', '멜로디데이 - Lake Wave (주군의 태양 OST) : easy', '빅스 - 사슬 : easy', '에이핑크 - Wanna Be : easy', '주헌, 형원, I.M - 인터스텔라 (Interstellar) : hard', '태양 - 기도 (feat. Teddy) : hard', '종현 - 그래도 되지 않아? : hard', '팀 - River Flows in You : norm', '백지영 - 사랑아 또 사랑아 : easy', '4minute - 안 줄래 : hard']"
16695,"['더 콰이엇 - 진흙 속에서 피는 꽃 : easy', '비하트 - 필요없어 : easy', '비투비 - 자리비움 : easy', '린 - 이별주 : hard', '방탄소년단 - 고엽 : easy', '박수진 & 일렉트로보이즈 - 떨려요 : norm', '방탄소년단 - Intro: Never Mind : easy', '휘성 - Night and Day : easy', '정동하 - Mystery (주군의 태양 OST) : hard', '빅스 - 사슬 : easy']"
16696,"['클래지콰이 프로젝트 - Android : norm', '2NE1 - Goodbye : hard', '셰인 - Be My Love : norm', '에이핑크 - Wanna Be : easy', '한희정 - 러브레터 : norm', '뉴이스트 - 나의 천국 : hard', '헨리(슈퍼주니어 M) - My Everything : hard', '티어라이너 - Einfühlung : hard', '보아 - Only One (Instrumental) : easy', '성시경 - Winter Wonderland : hard']"
16697,"['보아 - Only One (Instrumental) : easy', ""비스트 - I'm sorry : easy"", '일렉트로보이즈 - love (feat. 승희 from brave new girl group) : hard', '인피니트 - Follow Me : hard', '프롬 - 달의 뒤편으로 와요 : norm', '휘성 - Night and Day : easy', ""박효신 - It's You : hard"", '연애말고 결혼 OST - Love Knots : hard', 'K.Will - 눈물이 뚝뚝 : easy', '잔나비 - Goodnight (Intro) : hard']"
16698,"['2NE1 - Goodbye : hard', '에이핑크 - 끌려 : easy', '신용재 - 평범한 사랑 : norm', '슈퍼주니어 - Oops!! : hard', '유미 - Last one (주군의 태양 OST) : norm', 'LOCO - 높아 2 : hard', ' 조권 & 니엘 & 지오 & 양요섭 & 우현 - 눈물나게 아름다운 : hard', '기리보이, 매드클라운, 주영 - 0 (YOUNG) : hard', '오준성 - Enjoy Party : easy', '휘성 - Night and Day : easy']"
