song_id,artist,title,bpm,youtube_link,kor_title
sQm8V5cfws6ntAkoDYvodzOKZGtLxp+iI1D0WnAePC4=,Apink,Secret Garden,96,"https://www.youtube.com/watch?v=7d_cdW-k6pE,96",에이핑크 - Secret Garden
Wy9UK7tKl+4seLQ7EXuf+yqnLAO+PkaNo+VFj38B7hQ=,Jannabi,Goodnight,146,https://www.youtube.com/watch?v=1Xr5IhcE2pE,잔나비 - Goodnight (Intro)
LdKsk0R7k93pvwEvMUEwC3yuT6tBvgxOFf0lI7WJQ5A=,BEAST,I'm Sorry,90,https://www.youtube.com/watch?v=ZpRlIVImgnM,비스트 - I'm sorry
yuNOstkTckSX4mboi7T5eQIfSm84fR4qh/PmIi+ruZ0=,INFINITE,Follow Me,140,https://youtu.be/mb1J6xz1ME0,인피니트 - Follow Me
6TTDoeQ6nUg7tsnaYURLeM4Op2Wk16MckjnY/7S63cQ=,K.Will,눈물이 뚝뚝 (Dropping the Tears),72,https://www.youtube.com/watch?v=DIjGzZgu_yY,K.Will - 눈물이 뚝뚝
kNqY3MfcPCvxGg0hQkofvUIo9T4cppUQT0hYPS4PzjA=,Park Hyo Shin,It`s You,129,https://www.youtube.com/watch?v=xXlS6-V5ec0,박효신 - It's You
8WgjNesSPLmz9PmBevHerpwSPyy86/pp0MaB2j2RWJM=,SHINee,One,128,https://www.youtube.com/watch?v=et9u7hPESCo,샤이니 - One
Q0NmdYadyjni+CmtqwcrT/ZwgVcPefqdO1Y3isZ3Pao=,SHINee,WOWOWOW,92,"https://www.youtube.com/watch?v=grPy2KJYZ9M,92",샤이니 - Wowowow
2hZ2rmtKetgI1lISs4c2RKBt6ARvNMLBf7RJCDCdDdc=,DICKPUNKS,Don't Wanna Lose Now,155,https://www.youtube.com/watch?v=WmLGy3ebLnM,DICKPUNKS - 지금을 잃고 싶지 않아
ciemVXvjgBStz/ryybYpFQVRwojaFW/4lw4nUGo+WBs=,Flower,Even though I know love...,72,https://www.youtube.com/watch?v=xc3iDjbYSG8,Flower - 사랑은 알아도...
M/6x4FmtWzCrS+QCKHNkTDEjk6BWvFIzdCTP4VwkK8g=,MBLAQ,유령 (같이 사랑했잖아),100,https://www.youtube.com/watch?v=3uWlDF40QMc,MBLAQ - 유령(같이 사랑했잖아)
8bFEtA9qRStJ8Kte5ROkpablwp8Wy/BqxioUIqom2SQ=,Jang Na Ra (장나라),오월의 눈사람,140,https://www.youtube.com/watch?v=3art4Cu-yqg,장나라 - 오월의 눈사람
EUOxoMQKvfCe0ZZKv7d6IDsufcVAw7yaP7zUs7UEgLw=,VAV,Under The Moonlight (달빛 아래서),95,https://www.youtube.com/watch?v=6HXnodVJhSI&list=OLAK5uy_kMSFXWnI5_OujCI0ON4-16F8ymMhufnY0&index=1,VAV - 달빛 아래서
xVwqf8He/ZCuzCLKKRP992RFdQQbBiPzfnwHXnSMa6E=,Marriage over Love OST,Love Knots,124,https://www.youtube.com/watch?v=lk5QWPq1K6E,연애말고 결혼 OST - Love Knots
h1l44Z8rdbmQGKQyKUKvcE1aR32o0O7gZhOWluY19rc=,VIXX,Love Me Do,146,https://www.youtube.com/watch?v=jqCIlPQ-sI8,VIXX - Love Me Do
hmXPQ+wCzm6ak8DPqQ/tP5QdTvPICixTNpt9nX9a2Yo=,N (VIXX)| YEOEUN (MelodyDay),Without You,128,https://www.youtube.com/watch?v=FMIqLQR0CYI,N(엔) (VIXX) X 여은 (MelodyDay) - 니가 없는 난
cjccoqS6Ru48QVQjG1mAMadgVJd9RQGSTNFpsk4PDGE=,4MINUTE,Femme Fatale,117,https://www.youtube.com/watch?v=r39Sufgf7Pc,4MINUTE - 팜므파탈
Y46ZwcQtP6+yjsvu6e+0i+ERz6mP+/1kYP/lUoa0stI=,AMBER,Borders,87,https://youtu.be/bNT-zFJKifI,엠버 - Borders
Wa0twiHiTDvFB541MGrTimE6674WdAyGPZss8o6rGoU=,IU,미운 오리,90,https://www.youtube.com/watch?v=NK3y5QJ1rp8,IU - 미운 오리
B3Mu9ADOcr836tzpCiWHHECG+Ke6XscEt/MHPHEdhBI=,Groove Edition,Love Is All the Same (사랑은 다 그런거래요) [Originally Performed By Yangpa| Davichi & Hanna],174,https://www.youtube.com/watch?v=bGKjOoAirdo,양파&다비치&HANNA -  사랑이 다 그런거래요
vzvWYAnYP3vAaH/ahhi7isQT2WlR0GheGCQKZ5fFKDM=,Various Artists,The room of secret,136,https://www.youtube.com/watch?v=GrtKiJt_xJg,바람이 분다OST - 비밀의 방
i5usui2w8AFj/e5AX+a8KBqWwq6XyMQYqfihIfbRcg8=,f(x),All Mine,128,https://www.youtube.com/watch?v=f4_3dWqu6kM,f(x) - All Mine
zlv+BAozAQ8eEQSJdQYsZBP+DmDb5SiamvCM+j6E0Ww=,Various Artists,1-01 재회의 테마 Reunion Theme,1000,https://www.youtube.com/watch?v=lZ6XG1JhsEk,곽연진 - 재회의 테마
Jm/ICruNuLo+cH8BxcHkqK3bmlTWobOqsJtVEcKn6K8=,SHINee,Love Like Oxygen,98,https://www.youtube.com/watch?v=wvpknmu5UIY,샤이니 - 산소 같은 너
5Nb5Bi9SeJ5pu3pfpy1MOkf2NF/b/lIdGAIF4qyvwAU=,Red Velvet,Light Me Up,120,https://youtu.be/rRctWJReQFQ,레드벨벳 - Light Me Up
irHAs6JktrH9N6yuJF5EdRzA29c4P2MeykyRiZiCG4s=,Kim Jang Hoon,The Mother Knows My Heart?,140,https://www.youtube.com/watch?v=LsQKeNhdda8,김장훈 - 어머니는 내 마음을 아세요
QF14+VTjgXQDUmJzw9CDyYuZ2m98hXn5fqUgMNGujT4=,MFBTY (윤미래| 타이거JK| Bizzy),Hello Happy (feat.유희열),136,https://www.youtube.com/watch?v=_krHORI9WcE,"MFBTY (윤미래,타이거JK,Bizzy) - Hello Happy"
MIFNIDYsa3rMAhzJaNcqsSVE1FCYeF9hy6VyfyXyqKk=,god,길 Road,124,https://www.youtube.com/watch?v=KgXtSx8ublA,GOD - 길
wL8xvVTaLzZk0K5Uqgu7pUve93HIVn3vsELy8J5GWYk=,BTOB-BLUE,Stand By Me,134,https://www.youtube.com/watch?v=bLALIv5C7Q8,비투비 블루 - 내 곁에 서 있어줘
KfRUflHn4mU2J77KDkWex5pdtqT2DV4BZlwqLJP5pPI=,Various Artists,The time we were in love (inst),140,https://youtu.be/73TIQLmFb4A,규현 - 우리가 사랑한 시간
h5SqVEJWe507YQMf37f5uwejdRXwiWZHGkgTQICKdYU=,박재민,하루,1000,https://www.youtube.com/watch?v=XxEtFMDmcPE,박재민 - 하루
886AYgXqZKaVAtQQMH2mSnFnaPv5+ISMESKCb+TtEGs=,SUPER JUNIOR,A-Oh!,128,https://www.youtube.com/watch?v=hoRbO-PiXgU,슈퍼주니어 - A-Oh!
nG3mTipUokAQTeVy8SM/1oVvy5zD3Nojl4rtju9VRSQ=,YUN Jihun(To Romance) 윤지훈 (투로맨스),only you 너밖에 몰라,127,https://www.youtube.com/watch?v=IMQQbW33Vv0,윤지훈 - 너밖에 몰라
MfH8QgwmRjnC96HXzaNe3rEEAqukF7h14wCg2CRoLzE=,SUPER JUNIOR,Shirt_Rearranged,100,https://www.youtube.com/watch?v=Om8twVJM1is,슈퍼주니어 - Shirt
aEJQjsahCE0Rh70EywmXPlpjX3j8ct2kaDTaSOtGsbE=,BEAST,Fiction,128,https://www.youtube.com/watch?v=whlVRDTobhs,비스트 - Fiction
kD1PTXDGnvDFeNrpUB/pCMS5/dNGdmscbhw1XruzSts=,Alex&Park Sae Yeong(알렉스 & 박세영),blue road(블루로드),114,https://www.youtube.com/watch?v=OSaANCJsfXs,박세영 - 블루로드
QkbQDh69iXJafR8W9ind4r4KeVcF3mHwOGpgMERjwLs=,Hello Ga-Young,Those Moments,82,https://www.youtube.com/watch?v=J3unOTNiDN8,안녕하신가영 - 순간의 순간
nIxdMjN0dcwwW09d1Anv5ibX1CaWbIGCfdJVpiGImXs=,G.NA,Don't Cry,90,https://www.youtube.com/watch?v=WtHuuFi7Lwk,G.NA - Don't Cry
M1PjggOaJPuA3BMR7/bi7EAVquOIqDBSbLkMvoRjPcw=,BTOB,Anymore,105,https://www.youtube.com/watch?v=D1sTQc7FrVk,비투비 - Anymore
s2QH86vPkEy8/W5HBFfWQnDvk+7Ll240iAFs5uco/p8=,i11evn,Pray For Korea,1000,https://www.youtube.com/watch?v=9lpyAUDxT0c,일레븐 - Pray For Korea
9oHowzdiZINgrx9WvNBx8oJ7jJRt12d5WXH7/p6RNLE=,Red Velvet,Automatic,90,https://www.youtube.com/watch?v=RVUv6Hw3WsE,레드벨벳 - Automatic
SUdNhF9pO6myhmivUJbSb7iPdgEzjASfSv7eF3pc6FU=,Ailee,그대도 같은가요,130,https://www.youtube.com/watch?v=o5Vj8WCWGW4,에일리 - 그대도 같은가요
i59Q/oWOP91G+romq4exY60h+C9KDjDJmU8yMfDUw5s=,Park Hee-jin,To you| who might be listening to my song somewhere,122,https://www.youtube.com/watch?v=lxprNC-DqSM,최정우 - 어디선가 나의 노랠듣고 있을 너에게
X3sCkQpN8MKdeBP4G+cjbGp7TZJ9+sN6ZY96RUzzYvU=,Stellar,Sting,105,https://www.youtube.com/watch?v=JQJhvAtDnoc,스텔라 - 찔려
BuP8o0I8moiWBpl6/m7MZvJ5/l1jsOl+b6OZUOm9mFk=,Various Artists,Memories,129,https://www.youtube.com/watch?v=8H4p9_4pJYU,허각 - 추억 한 줌
FbghgXoripREXfINScAlkyZTjp90ein14aIfaCOfj80=,Reply 1988 (Original Soundtrack),In the fall of my heart,120,https://www.youtube.com/watch?v=cVhvVT8LfLQ,최가람 - In the fall of my heart
KlHyYFrGmvTmcaS3ke+6KJDa8h9yEYRM2PCxoWL6+q8=,BIGBANG SEUNGRI,White Love,130,https://www.youtube.com/watch?v=utyVQ8ErIqw,승리 - White Love
y+QqZGCshISobUiLVEVnlJEO6z6Borg/p7U1rodLmV0=,Fashion 70s,Ga sm a Pa Do...,67,https://www.youtube.com/watch?v=HBe_Yvjm81U,환희 - 가슴 아파도
96Q5eSRtIv/CLYeR7Zin0cj8jtgK0aneAJ5XdsgI6gk=,HyunA,Attention,110,https://www.youtube.com/watch?v=sV5cwqHw-p8,현아 - Attention
6Rr63aUYAdYeBqgt6VDPTyIl/fZRaQeXlf0EeZRAqew=,Various Artists,Two of Us,121,https://www.youtube.com/watch?v=xE7izyAKZZA,김그림 - 우리만 있어
yEk6Jv8KH1OxlQd5i+33Pr8bkR6MUdYsi+B3XaYLtsM=,INFINITE,Alone,80,https://www.youtube.com/watch?v=AoS_cWcZB34,인피니트 - Alone
t/niYan8K9egm2mG5hfwlOaWzqJpvviCjH+CfvOW3d8=,Ailee,폭풍속으로 (feat.버벌진트),170,https://www.youtube.com/watch?v=2wOprvXwRRw,Ailee - 폭풍속으로
NYPVF4MzmReVE064v1QMS4palhm+d1zXLZus1uBwBFI=,Lee Ji Su 이지수,it's you 너야,66,https://www.youtube.com/watch?v=TBddTpXl-uA,이지수 - 너야
QFXQBj+bQaU1YuoHQyHk1gEhzKc3nQqARNzWNs/Z8qk=,Various Artists,It`s Over,136,https://www.youtube.com/watch?v=qocyC5nvsH8&list=OLAK5uy_kfaAb-W2pQsUqp0x-VmmMlHrGyQhvD79k&index=15,바람이 분다OST - It's Over
6fqzjcy1mMJctsk/Tug/Zth5sthF31qmfUcWTryZQ+M=,Reply 1994 (Original Soundtrack),Farewell for Myself,134,https://www.youtube.com/watch?v=Q33ftKGy3vk,디아 - 날 위한 이별
sXrltAwBgRoc73PFp/Vq5680e+qEY6QrsrFvdQzDpCg=,Infinite H,Fly Again,148,https://www.youtube.com/watch?v=FAQ7BOD76l8,인피니트 H - Fly Again
lib/R2Ns5qkGnQS3PnsybTGCRg30+Un/UQ7XRk/CYRw=,Jihun 지훈,thinking of you 너만 생각나,132,https://www.youtube.com/watch?v=G0wjfcufRDk,지훈 - 너만 생각나
mTfc2lCs/X4qT9xz+z1wL41DL1NlBmIF22H6QfamSBw=,Kill Me| Heal Me,Secrets Can't Tell,142,https://www.youtube.com/watch?v=5jdwBk7xHEU,문명진 - 말할 수 없는 비밀
09g84xTZ0+2iO9J6Lnk8QKf3IHLwUR29jAHD/KrKtys=,HAN YO HAN,School Reunion,100,https://www.youtube.com/watch?v=0ctd7nLowmg,한요한 - 동창회
BLib+cy2P3qVqSd3RnPppfLM5pKxLQSLNDeDGWBwWE8=,Secret,I WANT YOU BACK,166,https://www.youtube.com/watch?v=4aNMoohLhWY,시크릿 - I WANT YOU BACK
P2b2RY1u0gNfYvhDH6irNvUYZplvFVwbJXdBnHjSirU=,SHINee,Hold You,92,https://www.youtube.com/watch?v=H5hJreMo_f8,샤이니 - Hold You
dKBGIBnDv7GruMLEGFzOTNAgcXb3MGdtp6ueXisYBsY=,SEVENTEEN,Still Lonely,105,https://www.youtube.com/watch?v=F6CkLk_ioRk,세븐틴 - 이 놈의 인기
VmUTPeX7+HTVl5xM/4zNXUCAu+0/bRTvUVP9dFWDiQw=,NU'EST,사실 말야,94,https://www.youtube.com/watch?v=6-A_6emBAqk,뉴이스트 - 사실 말야
SoM+X0ycaoKPsSm8lkNOG8snzGgeOvokziWNg0FLUWc=,Toheart (WOOHYUN & KEY),Tell Me Why,82,https://www.youtube.com/watch?v=qlEIui3xpUs,투하트 - Tell Me Why
+Mv6DZtITsS1/noAouXecM/c0MhzdLI7mAWDqF8qHvE=,hyukoh,Hooka,80,https://www.youtube.com/watch?v=OytSUJZNgL4,혁오 - Hooka
jCrDW9gewn6gaGsbQ3hIC9kV29VroUGtZuLHEOzIJr0=,Rainbow Kids(레인보우 Kids),musician in a forest(숲속의 음악가),90,https://www.youtube.com/watch?v=xl5an64ksKQ,레인보우 유아동요 - 숲 속의 음악가
IUb7MhGGhmLg+dxSThPfmEizy6Tw9PmQYl94Ir+1Gqc=,블루베어스|택연 (2PM),오늘 같은 밤,130,https://www.youtube.com/watch?v=uxhVy02aTqA,블루베어스 & 택연 - 오늘 같은 밤
UZ8BemZAtUbbsfvch/ren8Y+A7YQuXv/SOh6WZGnstc=,Ants,Pretty,93,https://www.youtube.com/watch?v=8shnOlfd1wY,앤츠 - 예쁜 너니까
NPW7KpzTBCitg1YRivLVD7332iKZaskD+/06akizYlw=,J-Min,Song On My Guitar,170,https://www.youtube.com/watch?v=H_rr4CCyACQ,제이민 - Song On My Guitar
bbGovFchvvTzq1jzgfMkqBtvFaIPSl4tgR/wjgdJu5U=,BTOB,Second Confession,92,https://www.youtube.com/watch?v=rxl9cIbBHrc,비투비 - 두 번째 고백
2ohXYo/0A6AmgoZepImst0ogzE5BNodjPuThzuqK2cA=,INFINITE,Because,110,https://www.youtube.com/watch?v=q-tGcNE6nO8,인피니트 - Because
cXcAMWSocYiwnIJ9we6+jUXFRFkAqXPKPzxk/JR8UkE=,INFINITE,Season 2,122,https://www.youtube.com/watch?v=ql9gkfqg1Yk,인피니트 - Season 2
LWeCgT2X6zOVFk97tNz5cV4gOISh6M+0lxML/2QNf9c=,Apink,Wanna Be,93,https://www.youtube.com/watch?v=YFLnr9CUfJQ,에이핑크 - Wanna Be
ntHrLHh3Ybb0DKAZrv/iaIki7tofID1p22tpO+pNB1M=,Outsider,Lose Flowers Bloom,94,https://www.youtube.com/watch?v=RXCy_9CMPSA,아웃사이더 - 피고 지는 날들
40fyArJ0v4wppak3R00w/2piTtmcJv/RcVrS1TgQybU=,Niel,Disappear,120,https://www.youtube.com/watch?v=eKY7lZJPxQw,니엘 - 그런 날
KMAE71yriR1qDejSAROneajMm/XpoPmEGzOoFjQADXk=,Unpretty Rapstar Complation Album 2,Me| Myself & I,100,https://www.youtube.com/watch?v=8EBWuMigVBU,"헤이즈 - Me, Myself & I"
PTJdIOeu62G2sR8lFJ8kT5X03kP53/pk3bX3e/Ano4M=,MONNI,Sunshine,115,https://www.youtube.com/watch?v=3IIU5WwJDZw,몽니 - Sunshine
K7e98QHE1b5Omd4cPn1enw2HljM8zxC8k6iH+cRal/E=,Various Artists,You and Me,90,https://www.youtube.com/watch?v=XNRo2MEMALQ,We are the night - 흐려도 좋아
YiKpMUAoINg9gp63Gw/rI00+r+lXIqJLY+W7vU+gO80=,Yoon Do Hyun,I Guess I Loved You,94,https://www.youtube.com/watch?v=KeMbLY7ztDw,윤도현 - 사랑했나봐
K2v8EnXcO6PTeshCfLXd/WVaPDjNxdzZE57go3jXgbQ=,Various Artists,Yongsan Anthem,170,https://www.youtube.com/watch?v=W_4ABaRdh2I,임하영 - 용산 찬가
LamOnxK55leQSToSzwWONAh9Twq+PvuFrvnYC//8xrs=,Kangta (カンタ),Diner,132,https://www.youtube.com/watch?v=Bxn0CD-DrUk,강타 - 단골식당
5ixmJh/f+BblWyv9BC1afIXQI2oxWTms37SssdC4ZmY=,Jina U,First Love,140,https://www.youtube.com/watch?v=-oAMQNxxM0k,지나유 - 처음사랑
TWSEn78Eq5t1DxfZ5m6Nut3/fAnKhW569NkmE4XY/Bc=,CHOI Junyoung 최준영,cold heart 얼음심장,139,https://www.youtube.com/watch?v=leQ5P_1pNB8,최준영 - 얼음심장
SJBmfcszqGNzpwPEZM5CNMJ5C4eMM0u2FF37S7dOiW4=,GLABINGO,Memories Latte,118,https://www.youtube.com/watch?v=6fxRLD2l3Yg,글라빙고 - 추억라떼
1ZAtyhX7oTeAkEKF7TNh8NChmndxb5G7elT7CsywL4I=,Boys Republic,Get Down,75,https://www.youtube.com/watch?v=vNhzXD3IvNM,소년공화국 - Get Down
LhGK/u64tOTp1lmcnPHqaKHzJDJ4Hxrs7sOWnnZoVJU=,Spring Breeze Boy 봄바람 소년,only one only one,120,https://www.youtube.com/watch?v=DD5ZGsP3VsM,봄바람 소년 - Only One
rR9IdF20PTVPT8uV7qwrGL19ezA3tczfbqtQGdBzdFg=,LUNAFLY,wanna love again(다시 사랑하고 싶다),148,https://www.youtube.com/watch?v=kVCWZm6eH0U,루나플라이 - 다시 사랑하고 싶다
ZnKfxx5oU7IwHlF8N5TTnk71iiN5jD/HLlmvB8bx5WU=,DICKPUNKS,Fading,140,https://www.youtube.com/watch?v=dXuoVtdV5qA,딕펑스 - 바래져
EVsgf8Z7XFXiTK62lE3IbrvMbkr85r4IzL9p11E8I1Q=,Jay Park,사실이야 1 Hunnit (feat. Dok2),108,https://www.youtube.com/watch?v=h_J4CSMJDIs,박재범 - 사실이야 1 Hunnit
TUPWg6dHzntxfucW1y/lH1z3oSTn8mA15OMZ0cbaeLs=,Loco| yuju(GFRIEND),Spring is gone by chance,98,https://www.youtube.com/watch?v=AAk0ZvS5X90,로꼬 & 유주(여자친구) - 우연히 봄
Dqn3n1Zh3ezp6b19YIOt/BO6y+39m3RoJ/OxOsUg+1k=,Thunder,Good,113,https://www.youtube.com/watch?v=X7eMeU7JiIA,천둥 - Good
ckMx35tDOmA32aexcD1CrKFcm2kaf47G+Ss/oVhAnSw=,요조 With 소규모 아카시아 밴드,바나나파티,122,https://www.youtube.com/watch?v=V5PLNMn3Wfg,요조 - 바나나파티
xDk/a4VrVf2UFFLWa6idyh90ymcxDfBVsmDo3X21yYk=,TVXQ!,HUMANOIDS,120,https://www.youtube.com/watch?v=42z1_1QteCg,동방신기 - Humanoids
V0SQYS5k1xbrJ48oVvYASpULi4wT3iFwkdU62I7wkuM=,Solvang,Cheonggyecheon We Used To Walk Together,1000,https://www.youtube.com/watch?v=IyuUyIeyYCc,솔뱅 - 함께 걷던 청계천
M0Etc8u9NEGJtM2PM76PZejfyod7y2DCJ2Seezz+bhw=,The Quiett,진흙 속에서 피는 꽃 Flower from the Mud (feat. Kebee & MC Meta),94,https://www.youtube.com/watch?v=Gf-P9UvVWqw,더 콰이엇 - 진흙 속에서 피는 꽃
21zjLOKjDmbrNZzVq288FvnK8J7aBCqEv1xlh+AVQh4=,Sweden Laundry,night,130,https://www.youtube.com/watch?v=P6PDLi4paYg,스웨덴 세탁소 - Night
m27oj8D5huhmdDlgYTHOjHBIHyBB1lWwJE15y9boTRM=,JACE,Radio Star,1000,https://www.youtube.com/watch?v=_mlER1d944U,제이스 - 라디오 스타
TdYy6QHAtcBGIXp855YQGo9jY0Yq9NqOU3oNSwEeNtI=,Red Velvet,Huff n Puff,104,https://www.youtube.com/watch?v=9eINuufm6TY,레드벨벳 - Huff n Puff
igvVdKqsAGA3uhrRP0uhJvmfxa/h0cy0ae171r+emoA=,BrotherFriendBrother,Soboru bread (소보루빵),125,https://www.youtube.com/watch?v=TutGX4fTXMw,오빠친구동생 - 소보루빵
Nyr3SeDX449BkRJzhvGZvwOIZFCi69AzTyuD4Wileso=,Hyungdon & Daejune,안좋을때 들으면 더 안좋은 노래,93,https://youtu.be/KJSXolyj4DM,형돈이와 대준이 - 안좋을때 들으면 더 안좋은 노래
nOzlxGjXAG4YzjBZhJ6JMmGEjyi4k1vJuXOI6U9hqEE=,BEAST,Let It Snow,1000,https://youtu.be/ZoJrqFPt1pk,비스트 - Let It Snow
8JaQT57/dMwLnqUpSNeljGkHtDDV+f6JLHPWNxLrpbQ=,INFINITE,Be Mine,130,https://youtu.be/DeuejYoRbps,인피니트 - 내꺼하자
E3u+AuTDZB++Ly825/n+UIbdP1NfMLwQMVaAeVwx1Xw=,Kim Na Young,어땠을까,133,https://youtu.be/RrFq968fXd8,김나영 - 어땠을까
ON94c97LYqnsBXaSz7/2wIFAVNsBAGcaChXOywr4jV4=,Kiha & The Faces,그러게 왜 그랬어,170,https://youtu.be/t9GYZ2InEq0,장기하와 얼굴들 - 그러게 왜 그랬어
cb0nd6Ftc0WtyBuwuL471BEIOSRrvlp50ENMxvyhrcQ=,Various Artists,한 사람을 위한 마음,1000,https://youtu.be/DokABcA8Iy8,이오공감 - 한 사람을 위한 마음
+8E8ZBp61mYEDWLtoIOrC4iPSQ6hKH8hd1P5laSaUZM=,IU,마쉬멜로우,140,https://youtu.be/XfvR4QJVVhU,아이유 - 마쉬멜로우
7vuyzUszWywGKQwVFJ9gyPT6gKibjjkEDJWgKLMjtvE=,M.C the Max,No Metter Where,132,https://youtu.be/lbLeVCAqd7Y,엠씨더맥스 - 어디에도
ZeOwYTo5pJDl54KRF+Lb3bKcehg7EG2ZIZ92G/tqAGc=,D'avant,Wanna Buy Love (여자친구 사주세요) (사랑을 살 수 있다면),128,https://youtu.be/R69fQWVoZLk,다방 - Wanna Buy Love (여자친구 사주세요) (사랑을 살 수 있다면)
RXlL/Z3w6v3/7tV0eSdGP7oVmjVTUnv6i9Gv9F84fJI=,김남주 (에이핑크)| 육성재 (비투비),사진,111,https://youtu.be/mBEJ18AV8gE,김남주 & 육성재 - 사진
z6jOFN/m+rIVD2mMcyUh/ewgQELkuB/9vu0PO3BpsoE=,Nell,One Of Those Days,120,https://youtu.be/ATgDQDgvWN4,넬 - 어떤 날 중에 그런 날
S1N/50Pec0Lv2uLwq9XFA0Im2ZBY5Fi1ekwXwK70vVI=,Various Artists,The smell seems,1000,https://youtu.be/Rc2K1DdHFsI,냄새를 맡는 소녀 OST - 냄새가 보인다
lSRm4ExO4KAhsNeVeSc68481bHIQoMpnSBWkNBwZAfw=,Wina,Glitter,1000,https://youtu.be/f2K4AS8JHEU,위나 - Glitter
o2fVfU/4aiQZisvO8H7rs6jRPa7idW3Upexu2ivVDyA=,YB,Mystery,1000,https://youtu.be/4DNf1ou59pY,윤도현밴드 - 미스터리
of22VBP0cTP0FngvnSFv2ewl5VuunOzaeS5t4dmZw5A=,Hello Ga-Young,Sometimes I Think Of You,180,https://youtu.be/W1L__QvyggI,안녕하신가영 - 가끔 네 생각이 나는 걸
Wxp0PfLDb5uJZcKZ0MMu8EQ3YEgz6jbWk0p8qNj7sfE=,Superbee,The Life is 82,1000,https://youtu.be/5JJxupo1Zvk,수퍼비 - The Life is 82
4u6uHDUI7xbBriOHgwxvcr8tp8S7hGaU5mhZYU+t3Dw=,nafla,Wu,80,https://youtu.be/isGDGhBsOT4,나플라 - 우
TO/sHY27fLPSTcAqxFqRAYPBmQhK60psJ7Vrv6qbPtA=,IU,별을 찾는 아이 (feat.김광진),132,https://youtu.be/IAS2bVGWXh4,아이유 - 별을 찾는 아이
6FvU9Frsb7lfA88Vrbm+6rQMXMPQONJkNODG/3R4cwo=,Ailee,My Shy Love,92.6,https://youtu.be/s6I9S9mTt0o,에일리 - 수줍은 내 사랑
J31J4/spn8IaJ7IoHjj4PAIZPPTc8qKwL5IvaxCMpdQ=,AKDONG MUSICIAN (AKMU),다리꼬지마,130,https://youtu.be/nnPY7l1LrMQ,악뮤 - 다리꼬지마
Ci8rTNS6xytxR8DEMoICbPkglH9BF0VWa7A96XLNVrA=,Block B,했어 안했어,164,https://youtu.be/2m2MF8j5gBM,블락비 - 했어 안했어
f2lgQ77EDt8nGbd1aUfsYjmZmmoUWsIuSYqATdclxR0=,Master's Sun OST,Mystery,135,https://youtu.be/WZ2rdYNbndc,정동하 - Mystery (주군의 태양 OST)
VSA/wfKMWd77AtTWnb9Q2QupBxHH9KjpAQIHvEtuM7E=,SHINee,Your Number,101,https://youtu.be/xq3NB3U0Ps8,샤이니 - Your Number
iIWfpQfdO0XTJMr4J/svQW0scGiJ3bh23ekVnn47IBM=,INFINITE,Fixed Star,136,https://youtu.be/nwHnJT-AXR0,인피니트 - 붙박이 별
SogyJr+Am65d9yW5dkPDY5Vctx8wRASZQJhp0V7ydDA=,DICKPUNKS,We Young!,120,https://youtu.be/OwNJJf2yM04,딕펑스 - 요즘 젊은 것들
aKMoT2AOx3LIkOTMpJfluxoJrz8LeTZ3Yyq3S/aHMp8=,TIM,Liquid,1000,https://youtu.be/i4kkDOk9PnM,팀 - Liquid
PDs7pJWjypGsnFxhQ4zCIj6y94Q2AyKAy+1US0A/tpc=,RAIN (정지훈),Same,1000,https://youtu.be/Len6U21STvI,비 - 똑같아
GkQeW9DOLcY1Aj9MqMkolt3V1AODkikxJwkvvSYYv2U=,San E,Do It For Fun,1000,https://youtu.be/VGEtxWb6b5w,산이 - Do It For Fun
hAbJbPZk3UmBGBJYdAIGCYWClULjq5o1Uz0MZiEPD/A=,Jessi,Raise Your Heels,103,https://youtu.be/wV111Rs9G68,제시 - 뒷꿈치 들어
uvFJxyWM9qGiu4ppJ+otxEvtWr9S4jeK2ERTAdZrKgA=,이하이|윤현상,너를 위해 (임재범),138,https://youtu.be/5UJke9oiKto,이하이 - 너를 위해
1u/THyV9BDagh0Ppaa0fKOiYZnymtOvLJywQ/6MXp4c=,f(x),MILK,110,https://youtu.be/8uL-tSyMkyw,f(x) - MILK
6m0xMeaG3wpGMd7k4qApYDVohez3bK8xvZU/pPsOQ1I=,Ahn Hyeon Jeong,You and Me,149,https://youtu.be/4eRNIS6zMeo,안현정 - 그대와 나
eXaGsIheQmeCPt+jcDCYIFGctLgnQKSGJCbX8yDWvvA=,B1A4,몇 번을,128,https://youtu.be/FmuOH_0UKVI,B1A4 - 몇 번을
gkmbzJpvyKvhcvzlEs4tsUhZxvxrfDNDSmkLmJmcq/4=,The Electriceels,Freddy (프레디),1000,https://youtu.be/h9uoqUah8MM,전기뱀장어 - Freddy
Jgi2bKJuZAU1NPMizB0ZDQSYXknBwp7TXKS4kQ4z1mk=,IU,무릎,133,https://youtu.be/SfeaTW4bcAw,아이유 - 무릎
pA3cF2tcsebjhfi85Yp1EZ54A7Kz5gsZpGQJcwX2IzM=,BANGTAN BOYS,We On,97,https://youtu.be/p6CIxdvSl4E,방탄소년단 - We on
T5fKoLax/vVaFf42nA6rg1I2gxYxBpUPkgSOPofB2Fg=,BTOB,Yippie Yo Yippie Yay,104,https://youtu.be/iQPYeoWaYVo,비투비 - 북 치고 장구 치고
OWdaXoJIHhUHHW4zX+DSw3qN/zB6XRjMCx3AMXiN/A0=,SANDEUL,Home,69,https://youtu.be/E3F1w-yQdSo,산들 - Home
C5IX/mjIKIC+j7Fe1cBC3HfaZSA8R6QtmECza+aRlS8=,RAIN (정지훈),Love Song(English Ver.),138,https://youtu.be/2_tOh1AskFc,비 - 널 붙잡을 노래
wI1DkrYx4oPwtXJP9KG2Jsoo6fWuJ5v2e6rO1kEedQc=,Secret,Madonna,100,https://youtu.be/n2fM1yHE_Nc,시크릿 - Madonna
d/uGG8QNwSe8vuJzQcZ+jlIS/JRTQaUg1aG1FY6lJUs=,One year old different(한살차이),say you love me,1000,https://youtu.be/eYWtJ_lqhuc,한살차이 - 좋아한다고 해
0BBIxxlphJme6RGG7iwK4FM6n0pf3YygWKbx6jXmsN8=,Wind Hold Venus,Don't Ask It's A Lie,1000,https://youtu.be/cYJwFrmD5sQ,Wind Hold Venus - Don't Ask It's A Lie
TKrxNbNMGICMGGn9L3Kwk9dxec2pPkSR9vmcK9nDRZo=,NO.MERCY,Interstellar,130,https://youtu.be/dBUWcM2TBpM,"주헌, 형원, I.M - 인터스텔라 (Interstellar)"
f7Ds/MYRRlFnNaXFNDH9WxAg0oDUzJ9jLUTDlBKpZ14=,Tako & Jhyung,what should i do (with jihyeon) 어떡하죠 (with 지현),1000,https://youtu.be/-jxLz7uQ3Uw,타코 & 제이형 - 어떡하죠
wYQrrFZr9+CNwoJ9v1HT30EbOCvxYoY+g4gqZPGKJ+8=,IU,싫은 날,132,https://youtu.be/Tqudgg0aBAI,아이유 - 싫은 날
18TaFeDxBku2Ln6zOJCijEdpnKsy7oPB4QA+2otMvOo=,Baek Z Young,Love and Love,91,https://youtu.be/wQZkM2ELDXA,백지영 - 사랑아 또 사랑아
z0aWF1GOb0S6c3oMNboY4vuGb9LGP0LRLjtFUd4uczE=,KYUHYUN,Eternal Sunshine,136,https://youtu.be/3T7BH-7LiqM,규현 - Eternal Sunshine
R8VsG2tWBtcAAuRNh3+boNt6FEnZCMuHOjRI4tt5lm4=,GB9,DalAh,1000,https://youtu.be/zgwix-rY_pU,길구봉구 - 달아
UkEIbtNZdKdR3ZPa/99vIpVja5vQpN9emWCmBxwR9J0=,Dickpunks & Jeon Jiyoon,Soul Mate,1000,https://youtu.be/e64ClJUQFoY,딕펑스 & 전지윤 - 소울메이트
Ut9hKfaBuLDFZNOIWlWp1PJRkPqSPWo+k7tEmjGoq0Y=,Lim Chang Jung,그렇게 당해놓고 (feat.마부스 OF 일렉트로보이즈),1000,https://youtu.be/t1gRKVgghKY,임창정 - 그렇게 당해놓고
BvXzxXfPCgW5dTO4izQ3A3tMT3YOUpWKl/n/KXBwKc8=,WENDY x Jay Jungjae Moon x Nile Lee,Have Yourself A Merry Little Christmas,1000,https://youtu.be/SrzQk8moDaM,웬디 x 문정재 x 이나일 - Have Yourself A Merry Little Christmas
l+MvJGkk5W8OYrWIACOWMTyO7KjR5JS6Q5fatJuzuMs=,Cosmic Girls / WJSN,Take My Breath,127,https://youtu.be/qkos4uffaTU,우주소녀 - Take My Breath
hPsQL5/rSB/Z5J2WLNxE4lGyiQ1UL+UP+d0lb6YnEE0=,Various Artists,Bad Dream,142,https://youtu.be/VegYObFSZlU,손승연 - 나쁜 꿈
5+Qwez6FuXSor8QDZffjVhAaC4hur8Wtvv/VID6ZHqc=,Various Artists,한 사람만 보여요,136,https://youtu.be/xl46idovwQM,창민 & 다희 - 한 사람만 보여요 (최고다 이순신 OST)
rBwCLcDFekfckVl5cqMFSOUl7OAlhH2o0fTuqh+vyIg=,Huh Gak,죽고 싶단 말 밖에,126,https://youtu.be/pp7Kxhacm5c,허각 - 죽고 싶단 말 밖에
JwDGJcIEaJ9LBnXfY9d3BBf24jNn0frl3iHAWbynTP0=,Urban Zakapa,Everything Is Good,101,https://youtu.be/6KtblxlaA5I,어반자카파 - 다 좋아
YuuE1RWr1FSr/S96e7wwZhFdktdU77ffIJLa8BTEPHg=,Various Artists,Our Solution,1000,https://youtu.be/TqqrEbi3SJA,신데렐라와 네 명의 기사 OST - Our Solution
Oks8q7kHhNRSzY5puKPDTJS0xnFY4E0ceKuA5j7XdKw=,이정,벙어리,1000,https://youtu.be/oJ8RCBBqPP8,이정 - 벙어리
SI+RCfs9KsvUIKcTjeOFzgA8umYvV42Q5j0JKwThxoA=,Various Artists,Gray paper,138,https://youtu.be/eofaEu1DZ_U,예성 - 먹지
NW95o8w+Otu/L0c/mYcgIMoe7u/oQl9T8zHUVUatJPI=,Various Artists,1-03 명우의 수난 The Passion of Myungwoo,1000,https://youtu.be/PgO9V6K4yrk,내 여자친구를 소개합니다 OST - 명우의 수난
pvdSOzOMKd4aSgcjAmX9Ker9jEDRUcCDNFP+/RQvvRI=,Yoon Do Hyun,How I Look These Days,86,https://youtu.be/M9jYuBrX0eUU,윤도현 - 요즘 내 모습
clOmEz+EZzZhnLLMNBD5bco4h7jQeoiQRw5Wkxa0zAA=,AZIATIX,Superstar,99,https://youtu.be/-ME8YlOym5A,아지아틱스 - Superstar
hleYvP0pZSBLxvie6YEmXkgjk76E4pYLMyIR4FzfNFI=,Demion,Street of Dawn,1000,https://youtu.be/dCdRIvqVGtA,데미온 - Street of Dawn
+H8NARC9w8TWRfmScF6nXEqWwWQrkKaZkmr8GsyeYp0=,Jay Park,When (feat. 타블로 Tablo),88.1,https://youtu.be/5_4pSZX2wCM,박재범 - When
FOrNXYw9sv0tNsFcUM42Tc/YsktllCZ+JSouCv+T+Og=,Boys Republic,Hello,88,https://youtu.be/mGgwfBHCI-E,소년공화국 - Hello
gKebiiC+KyuM8sTDgL9YDGho9ntxplIwPhGnIzz6djE=,JAMBINAI,Connection,124,https://youtu.be/ujqVQBgDttc,잠비나이 - Connection
K3NsGi+aYU7Ae3Fpw31FGSkpTKEnaHyMbZ9pt0Pxsbc=,The Stray,Tonight,115,https://youtu.be/Dr_6ktsvnHU,스트레이 - Tonight
4tReauHrdk0QKz6i9BJH/FFwPEJfLq/4LYJCaovb6Ro=,GAIN,Fxxk U (feat.범키),128,https://youtu.be/VSAVsstaj4E,가인 - Fxxk U
sXIYaY65kzMbdjbaxgfkRh+dBN6pDnOjOHpbTRozbKU=,Kim Jong Kook,Mark of Tear (Instrumental),78,https://youtu.be/0zMYllAzwM0,김종국 - 눈물자국
ZpWjHGPBxk5tbUcAcLXsiwdSfe9FCEdzz1CxayIYNKM=,SISTAR,널 사랑하겠어 (I choose to love you),100,https://youtu.be/CXETtH7hlkk,효린 - 널 사랑하겠어
hqWC7nfBGZ4lc431MmPfrspj7/RdgrU7jWLMWCEvzRc=,Various Artists,Let's Cheer Up!,105,https://youtu.be/r2md7i9Sra0,신데렐라와 네 명의 기사 OST - Let's Cheer Up!
a0rt4bJYJY6fn8MbvGipZmOUnLdvFWOP+N9tWsoiVCs=,CROWN J,The Best,131,https://youtu.be/exqQ-a1UZfY,크라운제이 - The Best (feat. 서인영)
/sUHgGQnsZfQQ5Bfapu7Vp9pmeoO7XmmDemc/gmr4GI=,Modern Darakbang,All I Want Is 바라만봐도,1000,https://youtu.be/-tDld3F9xAA,모던다락방 - All I Want Is 바라만봐도
jIIcal7KIqJAeR7j2uiQkqNLku6HphHlcQ2SB/l09O8=,BEAST,With Me,180,https://youtu.be/61B2Ol6gzLc,요섭(비스트) - 나와
cAzhukTkm1OAGtUFj9I2J2n6TWP1BRBGga6XVFItiL0=,Baek Z Young,내 귀에 캔디 (feat.택연 of 2PM),130,https://youtu.be/rMG1YtxHLB8,백지영 - 내 귀에 캔디
hy+VTNETIfIzYSgEkWfa3m+SlPlRZnb1/v4BfeSuZpw=,CRAYON POP,1| 2| 3| 4,130,https://youtu.be/Q8QDrGxGmy8,"크래용팝 - 1, 2, 3, 4"
2merwvMqK/MxFUeRbmFi8JJ/WQFS0VOt96v53SpxTUQ=,LYn,이별주,198,https://youtu.be/QGQqh_jCWwc,린 - 이별주
w772wCVHp4VcFzAazdgNvUzjmvnbeL+MST2RylTFyRc=,SMTOWN,Last Christmas (SHINee),108,https://youtu.be/Fdw1DkgWZC8,샤이니 - Last Christmas
Rx7OEi7OxB19Va4+aRt5as0iHhF8zGRp4f1lwgNNcoQ=,EXO,Baby,100,https://youtu.be/dw_QLwFb2z0,EXO - Baby
f9LnSDYy7ze8UNsolJ9gAEVHxncvuJNtTmc7jBU0ALY=,BANGTAN BOYS,Autumn Leaves,105,https://youtu.be/cljJCtXYvuI,방탄소년단 - 고엽
ZqOlkD9fp30WDXqPOvtCirkcEK7BCaF8xObJs57SkpQ=,Gavy NJ,Love Novel,112,https://youtu.be/82Ocgy2Jsf4,가비엔제이 - 연애소설
ysy+0ol7l+hC2HQu1kFmFDqA8GHc9DLpYsq9WvoCb4U=,BEAST,Dance With U,123,https://youtu.be/0zGGPkNu9sw,비스트 - Dance With U
gHi48Q1BAUocrnxPo96FJGxjVSfckUmd+b+TR+rh9Os=,RYEOWOOK,Hello,115,https://youtu.be/4BUQW4xwtAU,려욱 - 그대
G3w7FZxMI8EAC8CbIY3o2ANpEc4qkcX4kumQ0pTrL44=,Park Boram,Celepretty,139,https://youtu.be/1ELGunbuvqc,박보람 - 연예할래
YxU0secfJjGz2ua+tJ9t+WC15++bk35B6K9ogZ2aUX8=,EXO,Let out the Beast,122,https://youtu.be/Ac73vrPaKxs,EXO - Let out the Beast
1cTk0v8ezggHGofIc5gwwxnY8yVIH1bnmr+MmNroCtk=,Various Artists,Darling,113,https://youtu.be/rCHEXMe0y_o,이승철 - 달링(프로듀사 OST)
pKY4fRreu98LgVNu42U1os/LTGBu9py6JAuEdpJNAv0=,Coffee Boy,사랑의 비겁자 Love Coward,113,https://youtu.be/oOui9nYORz0,커피보이 - 사랑의 비겁자 Love Coward
Ni5T6zjbvaCjjOBgYVRZIiIaSYyESf6T8CNv19hCmF8=,Stellar,Intro,130,https://youtu.be/95QBsPVB07k,스텔라 - Intro
GQaH10kXEjnV1vw4A1u6bJeqDL30GwkKdfW7sH34dHw=,BTOB,Melody Song,166,https://youtu.be/D4yceRDkTDU,비투비 - Melody Song (예지앞사)
a12fTBxguNr5jDM/X2xi34n1uak3vdo0dZeSODZEe/U=,SPICA,독하게,92,https://youtu.be/PqplpwaiFho,스피카 - 독하게
2aT0nag541hoUTIGYDVkoSIxYn/Cc/GHglsXLWSEKhg=,BTOB,By Your Side,100,https://youtu.be/18jtm9s1J20,비투비 - 자리비움
0I7rm1MDBGCb3CLBaJ0vl2GmFibYTLY1gcEUktwlbw8=,Lovelyz,Good-bye Chapter 1,94,https://youtu.be/xjM9COqImUo,러블리즈 - 이별 Chapter 1
zMhOnBwA3uFwd9+1mUG+K49VZfBP0AaZ1sknWao77Lk=,Coffee Boy,바보 Fool,136,https://youtu.be/KDBtuplAjRA,커피소년 - 바보
hmNExFraifev5SvP8h+xDY453GQ8Re2y4WMnxJp4Qe0=,SUPER JUNIOR,SUPERMAN_Rearranged,176,https://youtu.be/IdFeKj798hU,슈퍼주니어 - SUPERMAN
hloC99vyxMPE07eOI9KbUZVXTDL7WibzR8e+alk9deY=,4Men,Once While Living,129,https://youtu.be/eV0RwwijHGw,포맨 - 살다가 한번쯤
KqbZlkOvXiVcvlZ6yj9EW8fjq9hZm8j1JhY26wLB+9g=,MIIII,Temperature,1000,https://youtu.be/IqnF2Rps05Y,미 - 온도
MC+VtepLCokSX/msEDGnIZTF2+rjdqQu5b9WnA3HgkA=,DICKPUNKS,Let's Play in the Han River,1000,https://youtu.be/B3qAHL_dXXk,딕펑스 - 한강에서 놀아요
G1d03WZ2qSjYgiRhPAcoSUDD5yCrY4y7jy731r0ZANs=,Lucia,melt me down 녹여줘,1000,https://youtu.be/cJ5ts0qjCaI,Lucia(심규선) - 녹여줘
af9ZdAE4NsSrwyw6Xk6FNTA2gwxnC1SX+L9669e48mI=,Secret,Poison,102,https://youtu.be/TP56DuUpKBE,시크릿 - POISON
/ipdMDQFy4pmYBz2n7dhQCplKjhIVM1IARffZEfS5dQ=,Shin Yong Jae,평범한 사랑,1000,https://youtu.be/7o2SvZhpp8c,신용재 - 평범한 사랑
Il+N2XpZMRs2sB07OJWfB6VjG/AsVKVUFsN5I/X2S8c=,SHINee,Runaway,126,https://youtu.be/n2Ux_MX7qsQ,샤이니 - Runaway
+kojnx4dbxpcVRdPy6h0KJag+7bN2JTEH+i7eE9SjyI=,ZICO,Predator,80,https://youtu.be/5bBh8fPirDk,지코 - 날
UmL/kWZ6JAnZxqMwwhN26j3LjJfhrxYTEfgYhcJ5bQc=,Cosmic Girls / WJSN,Catch Me,140,https://youtu.be/A6JrasjoyeY,우주소녀 - Catch Me
knBKxpaNN3fESMm9t7mYqVkVhwrIr0lySxqA8p/09Q8=,Jun Hyung Yong,Don't You Worry,92,https://youtu.be/HT4ZLWze9D0,"다비, 용준형 - Don't You Worry"
a5Ga8mG9x4qE6g1TxlvYe7Mhk/vqYKuD0mKiUcfuCts=,IU,안경,115,https://youtu.be/o598G9ht748,아이유 - 안경
A+gMW6svWJBqrqJQ5lNhLTqCvGMnb1mKsUxcZSj5OvY=,4Men,Regret,121,https://youtu.be/VnXfOhur2z8,포맨 - 후회한다
H3x7eIOwVADdumSWFZhMJcLrdqhPlmo4BTr25l130RQ=,IU,소격동,88,https://youtu.be/nYHo0n0exBo,아이유 - 소격동
Mhxh4Vw3hANhvFIW9g+mPX4jldbLkRu1Wgmx1O/u++c=,Hash Swan| dKash,Ay,95,https://youtu.be/edEU8MGxYa8,"해쉬스완, 디캐시 - Ay (feat.SillyBoot)"
izPzEw8gspdaRfKMjbgSO7I2EQreMjZcPXej6PolIF8=,YESUNG,Your echo,174,https://youtu.be/zdCEjzCVtes,예성 - 메아리
Y0CCvly5Ws0l1MVULa5Tzev1nzB2ovBTkXAIGF1CBXk=,G.NA,Hate You,97,https://youtu.be/Grv0k1dXz3U,지나 - 싫어
U5Jfa+TXGcVq6mQBcvhQigFUMEOsPUWPfmPvlBGLYNE=,AlphaBAT,Oh My Gosh!,124,https://youtu.be/A1WTC2kzz4s,알파벳 - 답정너
zBus9G0M9WKMsq8U/jpvpxyW46sgkKNVp5JGtwi5O5M=,NS Yoon-G,What Do You Know,85,https://youtu.be/K6fzVQ7KKXM,NS 윤지 - 니가 뭘 알아
xVfgxJLbb28s2t4yEt/FJ26WXfweO3y3DW2KP6sPP+A=,Take,Good-Bye,1000,https://youtu.be/aDWsJE1WxiY,테이크 - GOOD BYE
fOsEo+dW16wpTTFaUqUZme7HDw7KgYRFcl1z3yEOiaM=,Sungha Jung,Waiting,121,https://youtu.be/a0Bu5oWLKkA,정성하 - Waiting
RvWAhpDa8NTOb4QbiXfrJc9ExJO3MbZcFpvtB31XqcA=,GAIN,Apple (feat.박재범),1000,https://youtu.be/qSEtAC8wkhw,가인 - Apple
9R/oxdxaraiBXIWeGzsMFJGgqTJzkWN7MKFww9xiCRo=,Ailee,bye now(이제는 안녕),134,https://youtu.be/yvU8KRQRfbQ,에일리 - 이제는 안녕
hKvQaEd7T2lqo1RriuW4+0PozMgMdaY/8QJCiPysnJg=,Jay Park,Feature (feat. Cha Cha Malone),112,https://youtu.be/M8L3X46dg34,박재범 - Feature (Feat. Cha Cha Malone)
vFp5F7sJHKEe6pilwUxpB5zQjgQ8kSDMwU13hckjOzI=,BTOB,The Winter's Tale,115,https://youtu.be/CWAhNgjB5jM,비투비 - 울면 안 돼
N3otz4TKQPro2V8rrkVQZShRjOJRQrSh88UpveLEzPU=,Esther Yoo| Philharmonia Orchestra| Vladimir Ashkenazy,Violin Concerto in A minor| Op.82,90,https://youtu.be/tJnXettEdF8,에스더 유 - 글라주노프 바이올린 협주곡 A minor Op.82
xR5gIKFuX6l5zaR1QRb9Wy5wn48ycyV4e2dP0/ElZ1g=,Ben,The Last Time,122,https://youtu.be/B0klAQt6Cqw,벤 - 마지막이니까
eppz0fOXvEv6B62iTzm34v1BG18XdQFqj0g9c1AXF6U=,Rex.D,Don't (feat. Ovan & DJ Tiz),107,https://youtu.be/LZSDeTNJ1NE,Rex.D - Don't (feat. Ovan & DJ Tiz)
6WBVPuTJvGwjTGEkZOdIOq+eJ/Ssu+Dh/2Li8VeIiOI=,SISTAR,나혼자 (Alone),115,https://youtu.be/E0ZHXVp_wUE,시스타 - 나혼자
xn0UtMCAHTHFaY10/x47VhniJbWFw1rHrZVt1N9Y13w=,Molly.D,ain't nobody(ain't nobody (feat. basick & 구인회 of 프리티브라운)),1000,https://youtu.be/QZItPQRsCsA,몰리디 - Ain't Nobody
8/0nxRlOMzMplDE5IBhRp5YVXfu8rmhCLYRDjLfaXEE=,HyunA,Just Follow,92,https://youtu.be/bATJ2D1rs1w,현아 - Just Follow
xfAM5K+IZttGPSxy6iTsW3YgNz66p38brgo4qf9cMZM=,Various Artists,I See You,92,https://youtu.be/ZqofMmLsVOs,강민혁 - I See You (딴따라 OST)
VXgt0HOeVhrm3XKgy/3hCchFNxX2VYMY/pP1aRaDQIc=,Joa Band,Just Friends,1000,https://youtu.be/f5QuZwf4ieU,좋아서하는밴드 - 친구사이
3QXy/2kxe+XzpDcU3j7fWDAAgbT0DjZwrXE6yjh1g40=,AOORA,Grab or Bite,1000,https://youtu.be/MuJUPCqRM1c,아우라 - 커졌다 작아졌다
3g0EhLDnZEutQttuZui2bpqD/dETM5jECi9TEOUFo7k=,BANGTAN BOYS,Intro: Never Mind,80,https://youtu.be/ugrXP_YT9j0,방탄소년단 - Intro: Never Mind
+LVn4Ak2RPIW8MqY/V10RzXZJz3E6ZIQsHgZjTbAIrQ=,Swings,이겨낼거야 2 (feat.GRAY),1000,https://youtu.be/DKQWuqsKXpM,스윙스 - 이겨낼거야 2
nfHbu7+2YwcPIpV69nxdbz/TUv1EMNtiNJeYO8x+eIo=,Discovery Of Romance,Goodbye – star love fish with Jane,1000,https://youtu.be/jPTM_yIP9-A,스타러브피쉬 (with Jane) - Goodbye (연애의 발견 OST)
9rIpm8cSFvEVdUcFOL+J2b1Wb4FSdkWs/OECwEXXleI=,Yoon Do Hyun,The Sound Of Rain,148,https://youtu.be/JDBduU7eKHQ,윤도현 - 빗소리
q5Mg0XUs8J/RbDn5DuX+ArJ66l53EOd5wi9fW5IKlik=,After School,Time's up,128,https://youtu.be/HEZxxIZAoAE,애프터스쿨 - Time's up
EAE8UhEkGtAaeGJF1xjPIXanoStzu0a4ciINmDBfZqk=,Apink,I don't Know,132,https://youtu.be/qTI0TJUGDts,에이핑크 - 몰라요
51kcq9fKDdzCCFJu4Be7RwVoAO3s/0TI/o4fGjIXEgM=,Yeoeun,My Love,1000,https://youtu.be/eQJEGWQx_Lk,여은 - 사랑아 나의 사랑아
XnP7gK7dMY4tlr9NElgxFmPPrWauyheZ+Rtf1Nvr1KI=,SHINee,Evil,125,https://youtu.be/t81DgI79p8A,샤이니 - Evil
JG53kh0Lu0XdxGJO4dPCjJTM5+bG3AI+LJe+kKVw80U=,Urban Zakapa,Rainbow Ride (Prelude),164,https://youtu.be/9JpxslQR-zc,어반자카파 - Rainbow Ride (Prelude)
sFnkdvKBf6t5bhINTAvDYUdNiIuIWHFRW0at0HuR7GA=,SHINee,Electric Heart,107,https://youtu.be/WDn_gafylME,샤이니 - Electric Heart
Jhg8DUCCjKyQr85HZf9k2nS4b3uRLKG8I6OJNCcl6WM=,BoA,Home,87,https://youtu.be/igTvMcvm35s,보아 - Home
OV/5Mj+gKr9BSBaGw4LCRGpcetyoZTb5Zl83gkbQFNA=,참깨와 솜사탕,키스미,1000,https://youtu.be/xHAoLgkbETY,참깨와 솜사탕 - 키스미
sCzCD1U/lZTDQXF1dMSilKvCnZU8PFLNQ6S+2b7DWE4=,Ben,Not Ok,1000,https://youtu.be/4b_ABHDG0Zg,벤 - 안 괜찮아
toXDGy5nRiP16OB5B2g3f7wLraU1B/VbFpjpdUKPRPo=,LYn,Only you,1000,https://youtu.be/3ljI2R7-M9Q,린 - Only You
BRBCbjYJNo/yQLNwDpmT3J9EKPGiRu7UPgNstBBiAlE=,소유| 권순일(어반자카파)| 박용인(어반자카파),틈,97,https://youtu.be/2rUYE0HxquY,"소유, 권순일, 박용인 - 틈"
2Wk/9pRTpypGJgZtbHjPs2nN0R6QU2ZPsv32NeQpY3s=,SUPER JUNIOR,TWINS (Knock Out),172,https://youtu.be/antCy-RmAC8,슈퍼주니어 - TWINS (Knock Out)
d2d0NJFiTa6k6utfcfVimGnh+o1W5kdKe3MeXA+NK80=,OKDAL,Hero,72,https://youtu.be/5nVQldb5w-4,옥상달빛 - 히어로
Bt3ygRK5xVRMzblWrhPSGohzqV1tgsqWn7NeVv/XIjs=,INFINITE,Can U Smile,165,https://youtu.be/sWP2m16IM4k,인피니트 - Can U Smile
DdBUBF3IKosz8HWdnYmnfK8fb4NES1wx4eC2zVVTxwM=,TVXQ!,ATHENA,122,https://youtu.be/3QbUsUUNMwg,동방신기 - 아테나
79M5AYGt0sxI3itU5jG2NqeqMqAhv8JGRQFWQSNrK4A=,f(x),Traveler,124,https://youtu.be/XUlbPOuzU4A,f(x) - Traveler
5mHG8LoFkpqHC+9skA5bR7o6IPu6vRTKj8OPtL97C5o=,GARY,Zotta Mola,140,https://youtu.be/ueY30775f0k,개리(리쌍) - xx 몰라
9MupIEAB/wh3bhT5a/76tXPSO8k1wr1O8y9DUN4R4Cg=,Electroboyz,love (feat. seung hui from brave new girl group)(love (feat. 승희 from brave new girl group)),124,https://youtu.be/4bVF3W32oMc,일렉트로보이즈 - love (feat. 승희 from brave new girl group)
Zeqmcz3YwfaHbORyK5mwN1BwCVqciYJlbMf1lfDTFPg=,MINX,Shut Up,90,https://youtu.be/XwCDkRiJucw,밍스 - shut up
ZgW0B1ZxP4MNkOW+9NfIbxap8Am0XaFqlWC2qsRV4UU=,Teen Top,향수 뿌리지마,130,https://youtu.be/TUZrerjUfIM,틴탑 - 향수 뿌리지마
4q9NUZNoVZuXUT3XXlUl5TDgQTTxZ3/0Gsfw30YSpC4=,GB9,Just I Like You,1000,https://youtu.be/ie23Lv0fJzs,길구봉구 - 막 좋아
hYfvVZR5nbW0UxM5NouIrV7HPA+EopFL/M1b8vLIEow=,HENRY (Super Junior-M),I Would,136,https://youtu.be/RXos9M66VbM,헨리 - I Would
vfGZN4oCBKaH0CL6yGWK/bJ+7X7Xzz6p/GVSKcX2onI=,INFINITE,Entrust,112,https://youtu.be/NYanZjjfUw4,인피니트 - 맡겨
quA9P2iheqHLU4PCQTLzITXrB0FF5W2Aua1Q+EMoyIQ=,BIGBANG,SOBER,130,https://youtu.be/MBNQgq56egk,빅뱅 - 맨정신
ZQ3GpeNmlP9eNqKL46eD2f++u7iMKJ71Yt9GTJkKvXA=,EXO,BEAUTIFUL,111,https://youtu.be/ZPmnUSmzzno,EXO - BEAUTIFUL
KHVLWwyS8Plqlc+m8qKc95pG7FAdVOeFgcLo0lCjJn4=,B1A4,짝사랑(산들 SOLO),1000,https://youtu.be/osYmpohGBS8,산들(B1A4) - 짝사랑
RJzoqIswcLD164SDqx2yIv7Ooo+795EDLvHhDZ+OEdc=,GOGOBOYS,즐겁고 즐거워 Joyful Boy,1000,https://youtu.be/8USamC9Nnyw,고고보이스 - 즐겁고 즐거워
e9xr/cegOd6xLDQAI7iV0M8xYw7/Ke9p2jAKQFOzZlU=,Allegrow,우리가 스쳐온 서울 밤하늘엔 (Inst.),120,https://youtu.be/0LvBVFnX1Vk,알레그로 - 우리가 스쳐온 서울 밤하늘엔
OONe6BHYbfUqXSqPplQ8ko+LeazReuKjJjbvn5RvB8c=,GARY,랩해 (feat.DJ Pumkin),85,https://youtu.be/xa4bVMvxA3Q,개리 - 랩해 (feat.DJ Pumkin)
UUAs24JJV0hUvPuBuvrCa/FnAv+y0NSJhHx7vh+T8AY=,Crucial Star,Ain’t Nobody Like You,81,https://youtu.be/hXMY6o_YXRU,크루셜스타 -  또 있을까 싶어
z7OVL2WG5YydHNNHsJCFfc+lRvPs2WVzgId7zVCILSk=,IU,느리게 하는 일,132,https://youtu.be/S_8B6x89Uoo,아이유 - 느리게 하는 일
GAF8PUdlghItd4o6ccpQSWVsZLnDJhBtBYeOGlfkBxE=,UP10TION,Just Like That,93,https://youtu.be/rJgxdF_tCtw,업텐션 - Just Like That
+WJw9JVf+Qf2jMOqAYvkNJCi3j+fzvMHyJQG+l5xo0M=,Clazziquai Project,Android,1000,https://youtu.be/OmfR14eBQQo,클래지콰이 프로젝트 - Android
Zynw5F2E0AnZQf6Z+UPiDfNXaPXPRjk80Xngx8FT/os=,Han Hee Jung,러브레터,1000,https://youtu.be/sCpFPdavYII,한희정 - 러브레터
VjZiV02vTgGtoP3vSaQWeekFMf9wxf+eBw72F2fdl00=,TVXQ!,Gorgeous,110,https://youtu.be/F62pPe7zd58,동방신기 - Gorgeous
BWyQ6ZLOpfTFdOMp55Qj4iVIJmAOI4+Oia0grOKlCoU=,Sungha Jung,Riding a Bicycle,126,https://youtu.be/fMPfrEEGy1Y,정성하 - Riding a Bicycle
IQoxvYKAeydlwCwpTX4ZDtVmUjSxGLbJGsqJ9vln6j4=,NU'EST,나의 천국,130,https://youtu.be/6390tjodZ5k,뉴이스트 - 나의 천국
78b4qX5tpSje5kN2zRQXIVQiGJAsLvJrAi/hl4yu/Q4=,J-Min,Beautiful Days,148,https://youtu.be/iNPfFLmwyqM,J-Min - Beautiful Days
WFXXc/YB+64jdIFF6JZMN2x/o0cQUV4uuYKWczB9BfE=,AMBER,Need to Feel Needed,100,https://youtu.be/aHlYN3jIRMU,엠버 - Need To Feel Needed
E6OIrgXjm91jmJpa0AF+gFkyxxNth12ZchHhdlTLGFs=,Shayne,Be My Love,1000,https://youtu.be/UmC0cfwSKks,셰인 - Be My Love
DNYgpIg8GQKE5k+SCwQfcereFJAUe2+WTvx4iQVzYB4=,MBLAQ,Again,129,https://youtu.be/0GotOSuAO3U,엠블랙 - Again
SAhvEBvu8tjfe6fzYtLqtY+UC/XQcUDh2v+W23q1sKE=,Various Artists,A Love Begins from Confession,136,https://youtu.be/oi4DIlc3HVo,김범수 - 사랑의 시작은 고백에서부터 (프로듀사 OST)
D81sWzGaXCDgjjh5vonthvKfsVOdMv1eLY/VgSGTIGs=,Sung Si Kyung,Winter Wonderland,127,https://youtu.be/4y2j_Z0IuI0,성시경 - Winter Wonderland
cDvdukL3ZDNCoDd1puQ8eHMCx/H4cJ/NeI/kjZvjQZU=,Acourve,그날,81,https://youtu.be/tgigW1AnV0E,어쿠루브 - 그날
V2rrhgrQfE3iD9ZfUgzry9CEHxRukdUi12yPxsk6XG8=,Lee Ki Chan,Thank U,1000,https://youtu.be/y7Pa5AXLBa8,이기찬 - Thank U
Sz0RLHXJzaRSMLX334uIYZJ5xtPG4Gx3s3IV/mLefto=,Master's Sun OST,Lake Wave,99,https://youtu.be/w-rMc-AiNig,멜로디데이 - Lake Wave (주군의 태양 OST)
2h/24zwfRh2zd77dYpvOWBafodvbNMdez0On9Mm9skI=,BoA,M.E.P (My Electronic Piano),108,https://youtu.be/wtazO_L_Fqs,보아 - M.E.P (My Electronic Piano)
SCUkWnV67jWdl5E/FgQcAmEVngD2jmfgcoamxc9ohTU=,Various Artists,The K2 main theme,110,https://youtu.be/zOE7y0iCmG8,더 케이투 OST - The K2 Main Theme
vxQQrmsm7Yf5Hv13xRNAOsANobnipBBysUSbVAeOwRc=,J-Min X Sim| Eun Jee,Way Back Home,1000,https://youtu.be/vllQcjG_au4,제이민 x 심은지 - 집 앞에서
Kul79XkMBcRCnRf6oekfHKohWFnt9A8hDAnTY1DUhas=,INFINITE,Inconvenient Truth,114,https://youtu.be/IYyENijVcU4,인피니트 - 불편한 진실
iviTog8NDQne7DB3kpZNe8YRV3VIFNspd0JicDbIc3Q=,Baek Z Young,아이캔't 드링크,96,https://youtu.be/n7MUpj8VQeY,백지영 - 아이캔't 드링크
aeKJnHXQTreHWLyr9BNs9vCkQx/KsLTBb0qOdalS9Hw=,MAG,REMAIN,1000,https://youtu.be/R2L6bbWY1ZI,마그 - REMAIN
OHUxFxjFp+a41zB5U1cwVJSoJOdYTVGXk6z80rJWQKs=,BIGBANG TAEYANG,Where U At,150,https://youtu.be/btPF7HrPkyU,태양 - Where U At
2dT6hD+fCP5OHP0ZOKTAOYbR5jqERp5RYRqMC6xFnmA=,Various Artists,shy 소심한 고백,1000,https://youtu.be/Hv_fScrEiRM,식샤를 합시다 OST - 소심한 고백
nkrTwRDK6H4yzgNkvT7BDjAGmbj1sqQAWcmIyiPeH6w=,EXO,December| 2014 (The Winter’s Tale),1000,https://youtu.be/iuY1y6bxKW0,"EXO - December, 2014 (The Winter’s Tale)"
uhxgnbs1fTTVZeoAQyH7Faqi9nfcpkiv5lIUs8FqDfI=,CLC,One|two|three,1000,https://youtu.be/WM4c70kXwPQ,"씨엘씨 - 하나, 둘, 셋"
zjdynbNnCq7oKKBFRwBv0oqUux2AOnVOWipd9xA/bnE=,Discovery Of Romance,Special Love – Sweet Sorrow,1000,https://youtu.be/GELnbRfJv3c,스윗소로우 - 별 일 아니에요 (연애의 발견 OST)
X4VPtTYorMhKWElRMugGzIXo/nMpV3l0JNkdQ44ZouA=,Various Artists,inessential dark,118,https://youtu.be/EfmcbCb7oUw,W OST - 실체 없는 어둠
3+t1WZDBp2y5RQZCjfF5v90yuU/hjxl0N6rjXi+VGlA=,Nell,Tinnitus,126,https://youtu.be/QhQCcELKK4I,넬 - 이명
nyHdKz08YUjER5IKV1ZSsqH2vqoviMM4uJodjXHFKzw=,I.O.I,More More,96,https://youtu.be/5ParLiob-xw,아이오아이 - 내 말대로 해줘
BggbVzVwCyzg3wNEYDbS6Mdvx+ZuqcCS03XLp/IHZss=,Ailee,얼음꽃,138,https://youtu.be/Z8KzIpDqYoc,에일리 - 얼음꽃
nt5bRp3h7v0rcRZRBherM1BbBYKnBgloy3sI0F9+uPc=,RETA,Listen Now,164,https://youtu.be/XTSCvT7_dys,RETA - Listen Now
PyRILcv3b2Rq9sogzejmAaF1mnSg8ru5aYNrLyl2q+M=,Kim Bo Kyung,Don't Think You're Alone,130,https://youtu.be/zoGKYg0X2kw,김보경 - 혼자라고 생각 말기
A+ezPMeOMfXBv4sGNrm+Ccpl9/E1RUeD5HQt1gz+1hg=,SISTAR,Say I Love You,170,https://youtu.be/nslMk8Vuw-0,시스타 - Say I Love You
s5NbcIbtK7oCYhFlOp5c5TJ0SfJ9u42+QwzxWCfd8lM=,Lim Chang Jung,그렇게 당해놓고 (feat.마부스 OF 일렉트로보이즈) (inst),1000,https://youtu.be/t1gRKVgghKY,임창정 - 그렇게 당해놓고 (feat.마부스 OF 일렉트로보이즈) (inst)
Jb+zrQSoKb59+5bFWQ4jZWU8iO0S9ZTnnijHeaUic4E=,SISTAR,가식걸,125,https://youtu.be/7VpLniRbPI8,시스타 - 가식걸
BSqJpkFo/v0FnV4wHzlzh93Q6+FQTOQ/iqPas44PRGY=,TIM,River Flows in You,1000,https://youtu.be/Xcc87nlXEnI,팀 - River Flows in You
snMkO4mwoYUnbZESCPrz4EZxr8TsEyItlAJokX/VWD4=,VIXX,Dynamite,114,https://youtu.be/4bnIb1JJHdA,빅스 - Dynamite
T4KQgYYdhRwKID1I/CGGe/QDhbrQpZfeh33HhvZnZwE=,BIGBANG TAEYANG,Prayer (feat. Teddy),143,https://youtu.be/vWKrcboMteo,태양 - 기도 (feat. Teddy)
Pqqb+vG/Jgfe4l26IVIaEPYEL02gQzeb3sxeyeKmOXg=,4MINUTE,What A Girl Wants,106,https://youtu.be/f07vXjZkfjk,포미닛 - What A Girl Wants
0EPmIGoD4yWBkjlO07g8J6pCvA8OM4DuFachsDxo3kk=,SunWoo Jung-A,A Song of Hero,1000,https://youtu.be/u-7edOu8ApQ,선우정아 - 주인공의 노래
YPBzixq3w7yv139VvUDvc9r6hOQIoFkktSWnF3E13rk=,Sing Again| Hera Gu OST,Aloha,202,https://youtu.be/u052eGvnQg0,칠전팔기 구해라 OST - 아로하
6nN68xF9TpzwJM1LGeTZICo8GHFwZPBgGw4fijgr6aI=,B-Free,fly (feat. loco & s'way.d),130,https://youtu.be/-e0FSXlQm4Q,비프리 - fly (feat. loco & s'way.d)
ohrl+WHGnr2ngByI2LP6l+d3bAlXQxw/MuNmfZV49MM=,SUPER JUNIOR,Sexy| Free & Single,115,https://youtu.be/gWIkiI_UmeE,"슈퍼주니어 - Sexy, Free & Single"
vJN7tWY3EHkYUntyiRF9893cUu0KZRZcP3Goy6jf7RM=,Bizniz,Dead Great Names Society (feat. Basick & Microdot),1000,https://youtu.be/9PmvBKQOCCw,비즈니즈 - 죽은 위인들의 사회
7xaLXxfdPM/Vx3WzO2Tlbllj5o9yvSkPdi0wVDT0uus=,AZIATIX,COLD,125,https://youtu.be/e8jXzim2hXk,아지아틱스 - Cold
PawXPClQcen3ADqrIH8CrR+ifM6/gDuily8rWc1bNsg=,Sing Again| Hera Gu OST,Road#Lie,112,https://youtu.be/pV6ZzUTwl_s,칠전팔기 구해라 OST - 길#거짓말
hEA1TO4RlxiQLcA0bKbywcA5ENomyj4QONs3Ipvjvdo=,Song Ji Eun,보고 싶은 사람,77,https://youtu.be/ErveJeYrEJs,송지은 - 보고 싶은 사람
lL9vCyVPpxmkPnUdoQIkT1k1NYzH5hVsBh1HewZXv+Q=,Mighty Mouth,NICE 2 MEET U (Prod. by ZICO) (feat.소야),110,https://youtu.be/xpcnswosAUs,마이티마우스 - NICE 2 MEET U 
D6q8FDztGM+rF6lhmZ+kPfd2tSkIIf/khcxCwqpI+xw=,LOCO,너도 (feat.Cha Cha Malone),85,https://youtu.be/93J6VXY0PJ8,로꼬 - 너도 [Ft. Cha Cha Malone]
Dz0ISTfqpaUjXPVt30+5eHQicdwhvwy03NF8rReyTYA=,Topp Dogg,Anniversary,112,https://youtu.be/zA10L7uM5JU,탑독 - Anniversary
r/OIpouuBjGniO48CjsjhWpsj3ov+UD8g34voZfrfaU=,Epitone Project,선인장 (Vocal 차세정),150,https://youtu.be/d7m_sfpMuuw,에피톤 프로젝트 - 선인장
+dEzwFQNE/sTKoeSEhY1jqGmUB9gPOStOG7W/OdYFJU=,C Jamm,pr0ve,91,https://youtu.be/ixzr7PTd5kE,씨잼 - pr0ve
B9Iu+ohqNapYG4UpIP+NU9NTJpA2oT7I4SxSQzrJvfU=,Various Artists,Tomorrow - Han| hee Jung,133,https://youtu.be/9rPhdh4W6rI,한희정 - 내일 (미생 OST)
DeDZxh2oCBFjwtxOFJHE7etTsVyfPO+dQ/Zik03gZIY=,Reply 1988 (Original Soundtrack),Dancing Tree,1000,https://youtu.be/44Eiju7EDIA,응답하라 1988 - Dancing Tree
Lg+zFVd/GUP/u59vayh3wWwq2aCnrk72Eux2JcDGyOg=,SEVENTEEN,BEAUTIFUL,142,https://youtu.be/TVaeTwHc2Lc,세븐틴 - BEAUTIFUL
MUoljLXtJpeao6dh9llcZliFe462poZ5awBvtM/gEZQ=,Lee Hong Gi (FTISLAND),뜨거운 안녕,158,https://youtu.be/JJlFuj7WA9Q,이홍기 - Jump (뜨거운 안녕 OST)
r+AEQrB53y3acHHQCaOGz8/NGSnl2/f9mvg58nwMZJw=,SISTAR,My sad lullaby,108,https://youtu.be/sC0XKHDA-xM,시스타 - 이불 덮고 들어
LQE4OoRuNa3YtS0TqsV37xfBQNMORtzhg+1LTINk9Y0=,Various Artists,my walk to work,1000,https://youtu.be/uvatwry5tmA,미생 OST - 출근길
5b+JZQsB+85gM9g/+7/zrBv4ZXO0MNYpzY+8apaLS0c=,Various Artists,Jordan Fantasy,130,https://youtu.be/MC7FxEOm5bo,미생 OST - Jordan Fantasy
QcREvvWha+kdclFkxlKB52w0MnLvzWOEpsH3XD8foqo=,ESBEE,Everyday's A Weekend,92,https://youtu.be/8KcB5NkdP9g,에스비 - 매일이 주말같아
cXpKZPZfU5PFmvnHQnrh1Sag32BghbpqywPaEYHGmSM=,MBLAQ,Y,1223,https://youtu.be/gyCss-xlMNA,엠블랙 - Y
/VMaz7xp6n8sfnW8EsCYx9MyX3BG7GTbaCBuRBczQgE=,Ventura,Moon,1000,https://youtu.be/oCSY61N_dcc,벤츄라 - Moon
Zcakexwdz0E93UUBGBpj4p7bz5e9GovHd49r589hkQg=,크림 KREAM,종이심장 Paperheart,100,https://youtu.be/E8R-u3C3XwM,크림 - 종이심장
qiSP7FrkvLhPFryQ4KCmVWlJ1BLgxUevMOL+IhP6s/o=,Kggen,버려진 기분 (feat.이루펀트| 라비 of 빅스| ESBEE),1000,https://youtu.be/XtYeQTB274o,"키겐 - 버려진 기분 (FEAT.이루펀트, 라비 OF 빅스, ESBEE)"
ZkmFCwOxdBDoBGbDM9dnZXP2xzAgFtrmAAi0KKrdAhU=,Kim Na Young,Losing myself,1000,https://youtu.be/KMRoCTSIqB0,김나영 - 시들어 가
ovgSdHcvHvcoj6vq4o4WgDB4RUxZonDmJPzIaetYAUM=,RAIN (정지훈),30 SEXY (East4a deeptech mix),112,https://youtu.be/ZCLWXYCmeUcc,비 - 30 SEXY (East4a deeptech mix)
nLkNp976CjgmDJ8g5xxoV+KY5EKhyCoC630pc+VMe64=,K.Will,이러지마 제발 (Please don’t…),95,https://youtu.be/PdUiCJnRptk,케이윌 - 이러지마 제발
vmPEp1XrjrKuEu7fiPa+hbfYKdz+yXLjamgiM2wpQs0=,Master's Sun OST,Last One Feat. Joosu,1000,https://youtu.be/XEk5Nrd3-Zs,유미 - Last one (주군의 태양 OST)
x8E+Kv+FzPqGUTJNd7Jp6vU+5qDJ6Rl8YmaIsHL5hLU=,Vasco,underground king,1000,https://youtu.be/JL45tZDcBNc,바스코 - underground king
HAuoxeq5Ht4P5vYz7O2TAiQXrd5tpgdzO4J2CN+oXk4=,CRAYON POP,FM,135,https://youtu.be/tna90t2je-4,크레용팝 - FM
Y334iwgO7rljwvLxlkRLvK2t446j1HK+9bbZAEoNjM0=,SE O,Fantastic,112,https://youtu.be/8zwcRe_i3Ws,세오 - Fantastic
5ClDUyBOHe/4orrhcmVcmtO2+9og4HPaTe1Y+ZYgcP8=,Dal★shabet,Supa Dupa Diva,88,https://youtu.be/jI3GH5MsDU4,달샤벳 - Supa Dupa Diva
9d5JxsBnTPKxwgikCJk5b8xxkhNjtbbR9WcSG4akAkY=,hyukoh,Our Place,140,https://youtu.be/qnxLk2zHhi8,혁오 - Our Place
KsHKyLvJbej/d2dgNEMrstKk9QiW2KcbKN/VUsDFtwY=,Sing Again| Hera Gu OST,For Suffering Lovers,1000,https://youtu.be/CZmJ_gkx-dU,칠전팔기 구해라 OST - 힘겨워하는 연인들을 위하여
Wp0WMe+Z8uXJAVL3nm0BLG+2HZnJbQ2zTgfViIYCGnk=,황치열| leeSA(리싸),이 밤의 끝을 잡고 (LG유플러스 tv G 우퍼 광고 삽입곡),74,https://youtu.be/23oVRoiu_dk,"황치열, 리싸 - 이 밤의 끝을 잡고"
kWkUX0mDB4znd4/+XTXGupRKQEYYzlD+PDrvuFmSmBY=,BEAST,Easy,130,https://youtu.be/cPTL-1ijmTI,비스트 - Easy
UdxeAs3/W/E7clMVLTCufi3OiYCClg+xloD1crIjprI=,Master's Sun OST,Ghost World,1000,https://youtu.be/onAdqNddGpw,주군의 태양 OST - Ghost World
7cHYiy5sPLYsz2oQh/O/l6wKXi+5MziOU6y8I7jJ7c4=,BIGBANG,Crazy Dog (Sampling by Taijiboys),123,https://youtu.be/c1nag-CoLpk,빅뱅 - Crazy Dog
lwFTh/CzlJWhtIvnvL7R+Ws0K+iz8/o7t9kS8TVePr4=,BTOB,U&I,128,https://youtu.be/L3HKyAMeJ0E,비투비 - U&I
kZSETHTzEiTmrjhlPuTKFzuXeORhcgBdHJAoDDR+qcw=,Kim Hyunwoo,Love Blowing,1000,https://youtu.be/pdLtYmWDoq8,김현우 - Love Blowing
c/ZGa4E3GrqCAyzXONC2O4/z9L9AbMnteEMICllcE0g=,Im Se Jun,However Love,65,https://youtu.be/cl0ExWXBJHE,임세준 - 그래도 사랑 (우리집에 사는 남자 OST)
sGf+BzlW/SOtSs91G4moaX4tD+LIuMNG1hFmDEvSJS0=,NO.MERCY,0 (YOUNG),144,https://youtu.be/FeDeDnwJlB0,"기리보이, 매드클라운, 주영 - 0 (YOUNG)"
wTostIqrMvL6w16QsWUv4WY902jqHmawMhVw1eXusOQ=,Bo Kyung & Shayne,Summer Love (Duet Ver.),1000,https://youtu.be/L9GPT1opU44,"보경, 셰인 - Summer Love"
yfIgJlxllvYONRbZLauBZ3WoQrhr3RuWu2hlKM4BPfc=,ZoPD,Candy,1000,https://youtu.be/a2hRAxaL6fg,조피디 - 캔디
uyYuSlK9my+cDxxinqnq/W04WkiCcm7gPDT4iy9ecVA=,Nell,Dream Catcher,90,https://youtu.be/6nepzo6LZqs,넬 - Dream Catcher
VDCU0PhLakM8409JaSiFJqZr6OtDlQ+abk6B9isl9v0=,Sugarbowl| Dusky80,Cherish,1000,https://www.youtube.com/watch?v=bq3-da4ENs4,슈가볼 - Cherish
X2ayXhjZxVJD7wzZ8vlohVacVyfjPZWLh456c/tSMDA=,Joa Band,If We Were Together,120,https://www.youtube.com/watch?v=XQ7VV9V3cjs,좋아서하는밴드 - 우리 함께 하면
q8ucVbl0mRiNf4GR6t9gwssF7NFLU8uiSIZ49UnhUvs=,SEVENTEEN,I Don't Know,128,https://www.youtube.com/watch?v=LDd8sYs_Nos,세븐틴 - 글쎄
F1DuUxbf/VvanoCClJl3tDOZVN1L4s49YcGeIx4Nl4c=,BoA,LET ME,120,https://www.youtube.com/watch?v=xLCfyP0lXGs,보아 - LET ME
3Gu0rQsb5UvqSNRTWP2Gm/qadZ5vR9qCWWg8GvnWdKM=,Lee Joon Gi,For One Day (instrumental),136,https://www.youtube.com/watch?v=w09-YIVqP5w,이준기 - 하루만
pOf20T1deLuH5DCyvNkpL/TXBW42ba0TfTYgtCOx9rA=,4MINUTE,BABABA,154,https://www.youtube.com/watch?v=4rD4yRIktTE,4MINUTE - BABABA
tezgwZDmLoNkUPfIwUDJ3BeqkELxOqH12kZkdCJM840=,BEAST,Sad Movie,100,https://www.youtube.com/watch?v=eQxVA1wHF1Q,비스트 - Sad Movie
qhk7TeLSHkIkD0gk0XPyGE0r/QEh+7vzoMy+tCPP54U=,Baek Z Young,내 귀에 캔디 (feat.택연 of 2PM),130,https://www.youtube.com/watch?v=fE3wlJoBenc,백지영 - 내 귀에 캔디
xYMnKcrzmDT8PNkKWrQoRgM0dEyk7xW/C3ajaxqxhNY=,B.A.P,Rain Sound,98,https://www.youtube.com/watch?v=mnt9rMqwjkA,B.A.P - 빗소리
pSlDdZYCEQ9FaF/divDcj9Y3pdpOd656OBn+d9yMa/4=,Casker,Undo,132,https://www.youtube.com/watch?v=tK_Cy1l3ASE,캐스커 - Undo
0qkc/YmVU18E4EvZWokngykwm9kj5aiKemRwUDjsd08=,IU,크레파스 (드라마 ‘예쁜 남자’ 삽입곡),90,https://www.youtube.com/watch?v=XNtUcZbYsew,아이유 - 크레파스
c05QDEu0FhTPW0/JVTMrRGeGyAfQEGnFINGW5x2qgwM=,TAW & HAHA,사랑 (with 개리| 김그림),1000,https://www.youtube.com/watch?v=sC31cV12Yzs,하하 - 사랑
GoJWKJEL3R9PU5X5Fvde/A9LSydNDr0AkZOiEbeZDXU=,Master's Sun OST,Ghost Tango,120,https://www.youtube.com/watch?v=sDiqGh13Kx8,오준성 - Ghost Tango
6E/Xi7QXBeoyiytODKYqTQbGaIxSRz8g9lbflWtsBRs=,Vasco,Whoa Ha !,1000,https://www.youtube.com/watch?v=JpL691-pxuM,바스코 - Whoa Ha !
w6K+M7+c5YSZnjN9vvuBG5BYsRUhvMVtC9gxRZTo+HQ=,Ahn Hye Eun(안혜은),do not look for her(그녀를 찾지마),100,https://www.youtube.com/watch?v=BUIhCU0IaUA,안혜은 - 그녀를 찾지마
WYdXYwVIwkIGgfTTA7rfh5CjZMDX/1HsYKvMnP9LWr8=,BANGTAN BOYS,Attack On Bangtan,118,https://www.youtube.com/watch?v=7RsFNXsvusw,방탄소년단 - 진격의 방탄
36Nzftqc6xRHj03tmuxuZyGpfdWR1X7FyuwlbydnUdI=,4MINUTE,Change,125,https://www.youtube.com/watch?v=fkBO1aq3a5E,현아 - Change
xdqVMXU5QiPbWiv/UlAnqOf0v+A7DRgbhp6ISf4g5DQ=,FTISLAND,사랑이야,135,https://www.youtube.com/watch?v=9WO7fssewJ0,FTISLAND - 사랑이야
TRgh8SrUtWY/mnIQfZGCqvpGpAFrauU0SFL1Y6cy7EA=,BoA,Kiss My Lips,100,https://www.youtube.com/watch?v=_HusM0Fhyn8,보아 - Kiss My Lips
LcSaLwUIntsoukWeRR58t/U7Yx3WpXMukmBvl14vR1w=,NCT 127,Switch,112,https://www.youtube.com/watch?v=jAhJl87fEOQ,NCT 127 - Switch
XkKIW1XTei9bcoAoMN/SftyOfi10p3SnMZu3mpq4loU=,Park Hey Kyoung,Robot,140,https://www.youtube.com/watch?v=zmdC5S3rY3c,박혜경 - Robot
LqdFfzc6bv3kTm5QhSwRovSzkadFKwP9GbDsQ13o12Q=,성훈,The Justice,171,https://www.youtube.com/watch?v=fSgkA9gNFZo,성훈 - The Justice
IefkWAcgnN+w0Ifri3bsWvVm/PSLUVCDCyOcGNUqzf0=,Sleepy,기분탓 (feat.백아연),98,https://www.youtube.com/watch?v=GNJrZOWa_E0,슬리피 - 기분탓
ViyoQSrLN72Z4PqOqrTB21KppK7Yplbx0Y0NAU+j2GQ=,INFINITE,I Like You,130,https://www.youtube.com/watch?v=2AaNXk_GcGI,인피니트 - 니가 좋다
2Cdm0oJ+oYndWreBCkWDXh3UZvVFoU/gG+YiHSkRyRk=,ROY KIM,Stay,96,https://www.youtube.com/watch?v=DnzYD139_i0,로이킴 - 떠나지마라
ncpEP7Wi2MqiJ0Fd4LjmXFPdAiU/NcnitGlYDkDUSxg=,Cocosori,Dark Circle,145,https://www.youtube.com/watch?v=eM8A0q8GQrc,코코소리 - 다크서클
S0Gxvlh+0gELdV7P2eE4TdMX/EK4qp+9Z6UxqA7XMSc=,EXO,MY ANSWER,126,https://www.youtube.com/watch?v=KC_nbsVUFtM,EXO - MY ANSWER
N5UwSO7mFt6LKbYAfmIYgYjpGH0OFNGcYccxu908+y8=,Beta89,Youth (청춘아),105,https://www.youtube.com/watch?v=veaz-t0e2Fg,Beta89 - 청춘아
ynIXW3GAgHnvQRM/sgyoh5DaEbQSiRkPCUkYm7U2Ih8=,Apink,하늘 높이 (Feat. Joker),134,https://www.youtube.com/watch?v=TnIXDeM7jAw,에이핑크 - 하늘 높이
oXAHxQ2NB7AmOuWQjX0yVEnDUG9lLpjStHe1bil9o2Q=,Yu Jun Sang,Love & Hate,140,https://www.youtube.com/watch?v=G3HHGDsrWR0,유준상 - Love & Hate
iR3FSfAeknnZO59lU+xlAxEB6apNBP+gcHXT9EPaYQs=,The Lime,Because I Miss You,1000,https://www.youtube.com/watch?v=fyaYx8M4DQk,더 라임 그리워서
zwdGgqYIM6EwuvXBFuTA93udgu06OvXEm5+pd0viufU=,BTOB,Imagine,98,https://www.youtube.com/watch?v=7qt3tEaGEY4,비투비 - Imagine
tvzTWfaYNFjKNsM3lymJhyj3NtQmn35ifxERQN76hqg=,SUPER JUNIOR,입술을 깨물고,132,https://www.youtube.com/watch?v=YGTYXp6-kjc,슈퍼주니어 - 입술을 깨물고
zxcWjqlJyJxZEuFyN5NOy6O58aZPaMTzy9D8Y73w7do=,Thunder,In Time,95,https://www.youtube.com/watch?v=WF4dTGXK32c,천둥 - In Time
daRLz+tfyNLvWilQcLYMrUZ4Z2h3tgDMb71Bts9NLZw=,Apink,Attracted To U,92,https://www.youtube.com/watch?v=IdBLtbfnlHM,에이핑크 - 끌려
Mk6Uibo6ZUaikXD6GEt1LkwH3Wr+cYBcX9S51DUfRj8=,CRAYON POP,HaPaTaKa,128,https://www.youtube.com/watch?v=rscjFrinRKo,크레용팝 - 하파타카
KKO96+AXzvx3DijhegWLX1Dx1T2UNnxlxFRs0KSEbn0=,BTOB,One Sip,77,https://www.youtube.com/watch?v=tIII1PhlreY,비투비 - 한 모금
MN1VxCy6cUrMDKdlOpQi1XbCyDZggaY+JymwUocsTvk=,JINNH,Stayed,95,https://www.youtube.com/watch?v=dLCsh0W2lX0,진느 - Stayed
5kZUKRGuem7wRiNujCpNAs9RtarnXwNC3gBsd+9rmUs=,AOA,Without You,86,https://www.youtube.com/watch?v=Fr1Lz3_qvpw,AOA - Without You
wZqRSL0pFZiqg4fycEcff8vB7mVAwOc4VRiYTvf+gzk=,LEE HI,SPECIAL (FT.JENNIE KIM OF YG NEW ARTIST),132,https://www.youtube.com/watch?v=MvxxlKJ11aI,이하이 - Special
tMe14diLOc8q+/6f3OEdjBmqigF+IzL3FKRsNfsAZLE=,Suzy Bae,Ring My Bell,144,https://www.youtube.com/watch?v=HVQ2WKhByMU,수지 - Ring My Bell
1JbJpKJiQcL4lnqbG2Vtn7rBJ2an273AqaFSoecuHlI=,LeeSSang,변해가네 Changing (feat. 정인 Jung In),92,https://www.youtube.com/watch?v=vhyhXZgvOR4,리쌍 - 변해가네
oXQs+Bl0Yk/rIeB/SJjRCzaXfOj57p9F0ONORdqT3KI=,U Sung Eun| Rooftop House Studio,500 Days of summer,86,https://www.youtube.com/watch?v=S9GYqowJ9oM,유성은 - 500일의 Summer
9hgzMgD1v0BwJ09UeUa7uG2GztVuJndorAyUGahhdv8=,Teen Top,Date,95,https://www.youtube.com/watch?v=K3esd7tIvPU,틴탑 - Date
SLQLXa8vc+TNDXfSrZGinU8wpA96UkCI/+IXIYgWtvY=,Apink,It Girl,98,https://www.youtube.com/watch?v=nmcvXYrzPhM,에이핑크 - It Girl
8ptbg0DblEQs+Gn5amW3zadA52XrRStadEyh22JO58E=,BEAST,Wasn't Me,103,https://www.youtube.com/watch?v=CU3wvWFpNvE,비스트 - 내가 아니야
kR0XdfXnhEvFo1E5aMZ2rgOsawWlQzbT4isNHJNdr+g=,Master's Sun OST,Enjoy Party,92,https://www.youtube.com/watch?v=JkRgGYEYERM,오준성 - Enjoy Party
6g0+P25CLO/skydE18Xfo+mJPFKJzJvS18UiIgu1iaI=,FTISLAND,여자는 몰라,102,https://www.youtube.com/watch?v=n25WFqxylKI,FTISLAND - 여자는 몰라
U7N7BSbZGFUwHpzxP96gGBfGTRvMW35Xua+ohAV9VPc=,Han Hee Jung,입맞춤| 입술의 춤,168,https://www.youtube.com/watch?v=gtAiZ8ONgpU,"한희정 - 입맞춤, 입술의 춤"
fgM88P3oOzZQlANfuVLDw3ziNy2gCpXyHGQWgEOkh58=,JUNG JOON YOUNG BAND,Lizard,1000,https://www.youtube.com/watch?v=Y-Fik17yVUE,정준영밴드 - Lizard
+zgKuQC5ZqolpjvokXs0og7Y83HZ/pZUklzuCvkegx4=,Meccicco Ssosegee,With you (그대와함께),100,https://www.youtube.com/watch?v=58zmOsQqK6k,맥끼고쏘세지 - 그대와 함께
/P+NcCeoaCAhOKYo+/rKLLceEQO9YBovcBtq7cyqqYg=,2AM,I Love You| I Love You,95,https://www.youtube.com/watch?v=pOswlDfRS84,2AM - 사랑해 사랑해
nGGYJhUelsXtE5fNZhZEKQyK+vipDBpgadBG20flxUk=,Lucia,look of face 표정,140,https://www.youtube.com/watch?v=lpPA_zOqIHk,루시아 - 표정
trRyvM1Se5G5yvBt6jqBRsj+TBHbr4ZlfgdpaA9qgII=,LYn,그대만의 것 (feat.soulman),125,https://www.youtube.com/watch?v=wd5-h83axhI,린 - 그대만의 것
K1VtH7l7b7nROX8XgNJyUnw6LHIH9CBfOfy+XzOk6ek=,Yong Pil Cho,Bounce,125,https://www.youtube.com/watch?v=N_Dn28S3AZs,조용필 - Bounce
za5bwLmtZZQezdMvayxyBiP4+iM8GjCHHioEXNgT3+s=,Electroboyz,ma boy 3(feat. nana of orange caramel)(ma boy 3 (feat. 나나 of 오렌지캬라멜)),80,https://www.youtube.com/watch?v=tDdO8oYsNN8,일렉트로보이즈 - Ma Boy 3
cUgMYxOt529Q9TyaX6yNDul/pVR1NNm+qgGV0hplgyU=,SHINee,U Need Me,110,https://www.youtube.com/watch?v=57nMq4zH_U0,샤이니 - U Need Me
Zy8pYxBSETqHYWt8ToW2PrvwKjY1n+ARgct8SO9uYIY=,HENRY (Super Junior-M),1-4-3 (I Love You),125,https://www.youtube.com/watch?v=aYJoNjk0G_Y,헨리(슈퍼주니어 M) - 1-4-3 (I Love You)
RYMnB81ps8CBTASNbt5wB2U2G8buiLudCsP46uCcMWE=,Ailee,Why You Think I'm In Love With You,130,https://www.youtube.com/watch?v=2syb5fmZCy0,에일리 - 까꿍
a63bCxAv97um4Efk7p+AzuHxm0SkbqcpzlBs8T8C1Is=,t Yoonmirae,This Love,119,https://www.youtube.com/watch?v=ijyPu476gqM,윤미래 - 사랑이 맞을거야
dki+MaL7vAGip6T+IXxpcy5c7qnAuveT4Nw9a5wiJVU=,BTOB,Endless (Melody),170,https://www.youtube.com/watch?v=NIAfirmqMW4,비투비 - 끝나지 않을..
8VsG06u4sEqkrR0TPOsseygNJPpXJ3GJ/Qkk/DIUmMI=,긱스|소유 (씨스타),Officially missing you|too,100,https://www.youtube.com/watch?v=yKINPsgL1eg,"긱스 & 소유 - Officially missing you,too"
1ZqWZiKGXsBDpgQsmb4uhgQmVdQwddewGxqCl/S9064=,빅베이비드라이버 Big Baby Driver,38|000km 너머의 빅베이비 Big Baby Over 38|000km Away,120,https://www.youtube.com/watch?v=d2x9p4hNvPI,"빅베이비드라이버 - 38,000km 너머의 빅베이비"
0C83AO9p+AkVMB87dHj2UNZzt1wQxB2m8ZlcrHTE8Sk=,Cosmic Girls / WJSN,MoMoMo,124,https://www.youtube.com/watch?v=weEZv1hGfRU,우주소녀 - 모모모
/7EiVyHSzmQx/rU/nRgefkWlrYtZgjcBDiKw1IPp1iw=,4MINUTE,BABABA,154,https://www.youtube.com/watch?v=4rD4yRIktTE,4MINUTE - BABABA
IFyFws3RGIL6nC5hHwUEOuOAyronl49eK6RZ26vbde4=,GFRIEND,TRUST,72,https://www.youtube.com/watch?v=qD7DQmednaA,여자친구 - Trust
D8LkVARoUJnAgYXxPKvfPQecrFWsWuBCxad9HsHVgCU=,SISTAR,니까짓게,128,https://www.youtube.com/watch?v=7M47xbruU_M,시스타 - 니까짓게
7taRttz8xHeGw73fkOp42KmLuH+Cx5+sWYWmVadsRLc=,G.NA,At First Sight,100,https://www.youtube.com/watch?v=ptlOVdANVXA,G.NA - 첫눈에 한눈에
rFN9rOWTa/UGBUcTENvjchCNQ+HuYuqohCFQiUbyxWA=,SHINee,Excuse Me Miss,93,https://www.youtube.com/watch?v=kwQ0wFgcK5g,샤이니 - Excuse Me Miss
YWmnLvFRwTicr8flt/mZ/g50XbjcB4mxJ14P47Pbtx4=,SHINee,Dream Girl,124,https://www.youtube.com/watch?v=HTPw87_r6UM,샤이니 - Dream Girl
opnsuOThJTbKZ68+rTGlFYeaB6xg9FjzhyWvahg7Uw4=,SHINee,Destination,92,https://www.youtube.com/watch?v=sxyPY_qPx_k,샤이니 - Destination
CQsfJn8vCBekxVzzb9y3u4ut/KDOgjE+8GSfPY1+Yuk=,Jay Park,Evolution (feat. Gray),170,https://www.youtube.com/watch?v=lYPMh88RTLc,박재범 - Evolution (feat. Gray)
A4eukLl+wlJ8xvABSFYRkh2UyViJ17JmdXhpEMi0zPE=,Niel,심쿵?(feat.주니엘),166,https://www.youtube.com/watch?v=1T3gndIBNbc,니엘 - 심쿵
shaGmxeZXtMSXEexofRMcNra5+wMwulRuM8hhQpq84o=,Jay Park,I Got This,103,https://www.youtube.com/watch?v=xc7rrItI5xs,박재범 - I Got This
1myDWqabD6DFpSU/YmDs6sWPNMZHCoQXJiArlHM90T0=,Electroboyz,hot,130,https://www.youtube.com/watch?v=1STwTxjhr9Y,일렉트로보이즈 - HOT
DaW5kPJ7cbDCbP1+Mp4LQazkzGoWbVmdrTKeS9uO/d8=,Yun Ha Park,Day By Day,176,https://www.youtube.com/watch?v=rE6Hszz9nns,박윤하 - 하루에 하나씩
WIrUlutSqUrEjtlVljx8HHshD2v9Iv/ZEQqqLAkcBjQ=,HyunA,Straight Up,107,https://www.youtube.com/watch?v=PuZevFKmhX8,현아 - 흐트러지지마
2CCJ6PfCStHysPgsf+/1d3vVMJGzgVB0s7ZIvlKcgoI=,BEAST,YeY,128,https://www.youtube.com/watch?v=K9VO1Iutggw,비스트 - 예이
jSZ0ZTjrP1iFOnx/gTf5shEiL3XXqqHpKwwEyslAfGA=,EE,WIGGY DAWN,105,https://www.youtube.com/watch?v=_Ykuvi1_QFo,EE - WIGGY DAWN
sbAz5qnpzo+u5QHKcHsD1K97kjPSemhWRwOvyHsamAg=,INFINITE,MAMA,83,https://www.youtube.com/watch?v=DLXFmW1YIWA,인피니트 - MAMA
X+0+N6yRBbwY+OQj9iNikTdWrgpahUw6uOFt9BRgUjI=,EXO,Black Pearl,137,https://www.youtube.com/watch?v=UrHUspV2pv4,EXO - Black Pearl
w15umskigH0v0NOxB68iIyYf7SJs4woAnR39fLPxJDQ=,Min Yeon Jae feat. 4Men,Airplane Girl,136,https://www.youtube.com/watch?v=TCHXoRYwjVQ,민연재 - 비행소녀
09vB91HgRUdxdD8F4EqnNscoB3yjuZgMb0RslkBCJq4=,BTOB,Hello Mello,92,https://www.youtube.com/watch?v=TiQLzghGOXw,비투비 - Hello Mello
dL5t2v/lcv46/Zdqp+PdzJMWUziDQO5y6652XV5h3qg=,OH MY GIRL,Midsummer night's Christmas,140,https://www.youtube.com/watch?v=HtPk3GgzxHs,오마이걸 - 한여름의 크리스마스
3fOnHj+EzlEEqn6zKUWKfdYlpodLN96FK4lP3JNkm3A=,MIRYO| GIANTPINK,Money Making,190,https://www.youtube.com/watch?v=yEmuJb7ZGSg,자이언트핑크 - 돈벌이
O6p5jm4Ta+x/9Km90xBnZHeouJ0eoSgA2vPxP4UGqhw=,Melody Day,마법의 성,136,https://www.youtube.com/watch?v=UD6ZHSEVAJo,멜로디데이 - 마법의 성
JkrjEvVjvYN0cOKqhTCx+3Mat9WlzSyjB7xxjgHZZ3E=,Jun Hyung Yong,Caffeine,100,https://www.youtube.com/watch?v=yL7MLE0ccB4,용준형(비스트) - Caffeine
DUS2hztgvL0b9ogeEzaJNfnFOJOGse026DCvJ0py+TQ=,Joonil Jung,안아줘 (Live),132,https://www.youtube.com/watch?v=UcqpYYn2Ut4,정준일 - 안아줘
iHP1yB3p9gEBZjeBjWVCTzX2G15uY75UtCAGd0qTjE4=,4MINUTE,Invitation,1000,https://www.youtube.com/watch?v=3xFrpyKaViA,4MINUTE - Invitation
0IFZeZdSDCXubAFQPRZw0YAXmvqE1stK62R4Yyp33zA=,APRIL,팅커벨,126,https://www.youtube.com/watch?v=U9LtTBm8KfI,에이프릴 - 팅커벨
Y3y9BFVI+6d9D6wFjnaSKXEjt6bCZutIQzHTM8SpL+U=,DAVICHI,생각날거야,108,https://www.youtube.com/watch?v=uci9DdaZ3q0,다비치 - 생각날거야
NleJIDlwLtRfk7A+UmnN2pi11QPdIIPhE4rG/1ky0NU=,BTOB,Color Your Days,172,https://www.youtube.com/watch?v=i-XCS2yizuA,비투비 - 그려본다
XsP2zVw7wzY1OncTrazPR6df7yFezKt9Ek+afAiEh5w=,BANGTAN BOYS,Hold Me Tight,140,https://www.youtube.com/watch?v=9A7IyKB0Oec,방탄소년단 - 잡아줘
WK9/OU971JGib8gl/CRESVL0YMhOVQ6ENKgcdMsBdJ8=,Big Brain,Love| Love.,85,https://www.youtube.com/watch?v=ha8d0uuYijs,"빅브레인 - Love, Love"
Q265aWW4oUaLY55d+IvZ4TPZUUhm2X8O361DpktvQWM=,EXO,Thunder,98,https://www.youtube.com/watch?v=Q62BG1hTpRg,EXO - Thunder
FQFsoM7lPVjoP19BorWXIc8f0LGLqtKHwlJdKVDCuw0=,SHINee,Don't Stop,115,https://www.youtube.com/watch?v=o_3oHrQ14f4,샤이니 - Don't Stop
ZFoC8dEPCXC7osGG2jZUQay9PCCQN6BaesKtUKv8ELA=,IU,입술 사이 (50cm),96,https://www.youtube.com/watch?v=sBVca5KOpkM,아이유 - 입술 사이 (50cm)
1htCHAMxOO6N0nZPQhQXFlVbV5qaNpIbdvHcPBjwCXc=,BIGBANG,Remember,156,https://www.youtube.com/watch?v=mEkY35ceP04,빅뱅 - Remember
86sdeYyfEtgiZTYe1xBJIBJntIefQowq4+Fn9EkzxNE=,BOYFRIEND,WHITE DAY,129,https://www.youtube.com/watch?v=li9_m7EO8eo,보이프렌드 - WHITE DAY
VfdeajoQa4998rlSHIXpEqmKmcRO5flA1IFtTMUYVJ8=,t Yoonmirae,Who,85,https://www.youtube.com/watch?v=0U91paqy_TQ,윤미래 - Who
fbgbOwIqank5VNaq2XkQ1OhXZ5zH3/av38zF9pgJxJY=,Teen Top,손등이 스친다,140,https://www.youtube.com/watch?v=d9kXCdlPAHU,틴탑 - 손등이 스친다
VxZnVLmPBUXOJ5z19CP7PE+U8S7duqu2xm2qBc57U+0=,ROY KIM,It’s Christmas Day,1000,https://www.youtube.com/watch?v=KF6Bay7zLp4,로이킴 - It’s Christmas Day
swgJSYHZ2wAV8ccaCDhpLQaKT/2/dyUP2AaCH1URkBU=,BIGBANG SEUNGRI,Open Your Mind (feat. G-Dragon),104,https://www.youtube.com/watch?v=7dYaT2huido,승리(빅뱅) - 창문을 열어
lFpRr4v63BN9Iu1AO6gIeDk9h51ou9/V/RfyxGmUpYg=,Teen Top,미치겠어,140,https://www.youtube.com/watch?v=DG-WpGr1e30,틴탑 - 미치겠어
4iWCHRlwgrlx+Sdi2avGDSfiKqcVEnxf2ss5/uYrBt8=,Lee Min Yong & D-$ feat. Kang Ju Eun,"Like It (From ""Love in Memory 2"")",1000,https://www.youtube.com/watch?v=L7f-a6TBGaE,"이민용 - Like It (From ""Love in Memory 2"")"
M2ouWjFTpHFxVmk8QPEswUco4c3fzjinnUGym1RS7yo=,VIXX,Can’t say,132,https://www.youtube.com/watch?v=vmAIyJvVKhs,빅스 - Can’t say
pTtW1Nj4Sr/wxhBw3GwvPBiU3m5ZvghG64AdjPg45OE=,EXID,Up & Down (Instrumental),112,https://www.youtube.com/watch?v=iqFPdPMuHVM,EXID - Up & Down
225AIkVcz/Pwna0nNN+Z6c27UAX/3w+7gK+xfDaVKdg=,JONGHYUN,Fine,170,https://www.youtube.com/watch?v=GDY0f2sb9yE,종현 - 그래도 되지 않아?
6JLoe8V7eJNvppGS6Zm/kqBkzWEfm3qT37ixNI4Ef18=,Jung Key,바라지 않아 (feat.소정 of 레이디스 코드),118,https://www.youtube.com/watch?v=m4FJWy0d4eE,정키 - 바라지 않아
7i0lQ0s32+kSx28MREH4zEct5ezK6sNh7zkUZ+C6RsQ=,Various Artists,Anna's Appassionata,101,https://www.youtube.com/watch?v=aI9j9XcUGM8,The K2 OST - Anna's Appassionata
+pPuwfQfKNBCt4xhLe/gzOuFS74AB9XAG+FaYAY9dfs=,G.NA,Oh| Good!,131,https://www.youtube.com/watch?v=iVMqUV_ZwDE,"G.NA - Oh, Good!"
zZ2CbZNLywi19MQsBMq0N5RrM10QNlDgf38jG8YI0gk=,Shannon,Daybreak Rain,150,https://www.youtube.com/watch?v=fuwv6IoRKTo,샤넌 - 새벽비
cyxPUM7UeOHRQRK/G/iLwHlpsnaskJHEAiSiO//Bs2M=,AZIATIX,Lights,105,https://www.youtube.com/watch?v=hTUr660PMlU,AZIATIX - Lights
ztqmZ64a7wmJpcmEVzHk54bVLJ1mQFfTxGr7uNaSMO0=,JooYoung,들리나요,137,https://www.youtube.com/watch?v=2LW4Ih_UZMw,주영 - 들리나요
Kj6bKgxPfSdQYldV+8jn2sDeGMXg+gWhW+MMTBt5EdY=,HyunA,Get Outta My House,97,https://www.youtube.com/watch?v=k69Q53y8skg,현아 - 내 집에서 나가
XNUxqAjMJ3/Q/pWm7MxBpK8NK4GBinIq45JfdfD9DvM=,BTOB,For You,80,https://www.youtube.com/watch?v=G575vb5BYJY,비투비 - For You
q/38Yxy9Hevfu+aOI7P1erHd+dDbcZ9LvdbLzQyzI/Y=,Block B,Very Good,136,https://www.youtube.com/watch?v=DGGr7lp9D7E,블락비 - Very Good
bJyWphYAn5TokyK+OHUeAweFqmqMpmGvihvCErNaoQU=,Jay Park,좋아 Joah (Remastered),172,https://www.youtube.com/watch?v=Ye-mbO9KOn0,박재범 - 좋아
4/oO/wd7EX3Oz/O53RxFju/u/HLKkmLhsrIqzV2Ph6I=,SUPER JUNIOR,Super Girl_Rearranged,125,https://www.youtube.com/watch?v=qFAthDJQLuw,슈퍼주니어 - Super Girl
s1xKkbVgUN1odL1H+8nccdDrkEX/vKx7EDd5CJKMgV0=,INFINITE,Last Romeo,122,https://www.youtube.com/watch?v=238jrDeOQiI,인피니트 - Last Romeo
c3bPubrGpmlfQVunvVsmjODEWMsc2G5OS3OsKyYz4tA=,4MINUTE,Hot Issue,128,https://www.youtube.com/watch?v=B8p-zOux9s8,4MINUTE Hot Issue
vEo3CQlLqak8V2u1GLFsw5tWQISnAaS5lTIkTjZmsAc=,C Jamm,걍 음악이다,120,https://www.youtube.com/watch?v=smx44t360ng,씨잼 - 걍 음악이다
Sr8kItFBWmDMwwM3lTfIVhcrQe39e4BFIrfpHrOFsvc=,INFINITE,Real Story,90,https://www.youtube.com/watch?v=fm384xbFBLk,인피니트 - Real Story
kH5+9oT5ZtNGgwDPoC+0jrs3CfRzxkd/nyoaXeJAPuM=,Marriage over Love OST,Farewell story,132,https://www.youtube.com/watch?v=PSDfz_CjyiA,김희진 - 이별얘기
/lo6K4W+14NuN6rVk5YT5B0u75DQPUfdR5uIR1OEwsY=,Gummy,너를 사랑해 (Piano By Eco Bridge),164,https://www.youtube.com/watch?v=OzfpeXFFe2I,거미 - 너를 사랑해
T/Nt/HPb/IM4qHgj/SDyJcHd4JaVC4PtbV4dNKyVxWk=,Marriage over Love OST,What's Up,75,https://www.youtube.com/watch?v=zsfpHGqswb4,연애말고결혼OST - What's Up
zCoPwtIqXr4HbSZ0qkjdDV0lx7vqxcxsvmj7qmUWaAk=,JeA,그대 바보,132,https://www.youtube.com/watch?v=PActqzbihXY,제아 - 그대 바보
jzN9YkhY5uffupBE/G2AeK7CZgUmmT2HVylkkC876UQ=,Keon-Mo Kim,Shall live when I die,136,https://www.youtube.com/watch?v=gXeRqUt_gWU&list=OLAK5uy_lJKr97NHirogxAPddx7IkF4jWAJqRf93A,채정아 - 죽어야 살까
RKBZr64V5SZ72X3pHpAJjQyxycBlwToywpgeApZKdgE=,Jessi| Kim Young-Im| Crispi Crunch,Kwaejina Ching Ching Nane,102,https://www.youtube.com/watch?v=uua52WTniBk,제시 - 쾌지나 칭칭나네
CNUHRAgtI9Zf5YNgd6HAMz9K9NYOupZHbgTRkcor+1E=,지윤,사랑이 남아,142,https://www.youtube.com/watch?v=uT6dhDR5ZrM,지윤 - 사랑이 남아
BdcvzGRO1D1WyqbadvwQw5WTfKl7TBQOTqXUCFlI2Sc=,Jungyup,몰랐었어,136,https://www.youtube.com/watch?v=L_wtlyzy4iU&list=OLAK5uy_kFyFy6MNszy-YYsF4DgiGtDiBIneFetP4&index=7,나쁜남자OST - 몰랐었어
HOMMWwfKIa5QTcT+P197FMI2uvwRZrSLwQmYIbhCoAM=,RAINBOW,DON’T TOUCH,120,https://www.youtube.com/watch?v=VGzLc__r5tg,레인보우 - DON’T TOUCH
tckhgy/2GhWdPJdzK1F0hlebS8YH4S7FiQ2j95OYd5o=,JK김동욱,버킷리스트,141,https://www.youtube.com/watch?v=rbGFrejo8IU,JK 김동욱 - 버킷리스트
6mdOlSQHlBSoIWahWAAnQXUIeICUiwzdeR2+LUX5PQI=,What's UP FOXY OST,Like Me (Byung Hee & Cheol Soo),130,https://www.youtube.com/watch?v=dIsORjIDOqw,여우야 뭐하니OST - Like Me
SpYFoBzd7YlV2ZHAzmPE2eobU4zKVFOhXXFRoG+4VyY=,RAINBOW,Click!,156,https://www.youtube.com/watch?v=TvyaF7_C88E,레인보우 - Click!
wnEbAXuu95u0420wRKkELG7xC4TR+TXEmfvrMckRV4M=,Sing Again| Hera Gu OST,The day I meet you,112,https://www.youtube.com/watch?v=R_WB0dPw6VE,민효린 & 진영 - 당신과 만난 이날
2RoaQfki7qJUZcCXWQvZtQqTYmynuQCjF5lg0q4cwwg=,Kill Me| Heal Me,Who Are You?,170,https://www.youtube.com/watch?v=s3Pf9025gEc&list=OLAK5uy_kRiOtBhBE5Zhg1401i7s9ycXdpGbVqBlE&index=16,킬미 힐미OST - Who Are You?
wZRAsIWLlYZBoKsL9Althck5a57eeb0hJ1PcowGZXks=,BTOB,Thriller,125,https://www.youtube.com/watch?v=eBVe1AUfT2w,비투비 - 스릴러
dpDBGftFr6CL69mQ5+ejaAfi+jYN96wH0dYktLTzxUU=,SISTAR,Oh Baby,85,https://www.youtube.com/watch?v=XoMlXv1WK_g,시스타 - Oh Baby
91r1PIv0Vqs6VhhcmPCQuT/GsUjMHmdC/eVTXAu4Oyo=,Jane Jang,Secret Paradise,121,https://www.youtube.com/watch?v=dxdlPutGZkI,장재인 - 비밀낙원
fnnk6hVhXwNYnoHYnK91UoWakAOD2JGUJRj9SKgnzvQ=,NO.MERCY,Hieut,144,https://www.youtube.com/watch?v=hnunn4qSEGU,노머시 - 히읗
ZuFNs8sDsAkpH5l7hY2FYN59Xx6h+isg4DORzhHq+UM=,Basick| inkii,In The Illusion,154,https://www.youtube.com/watch?v=crEjz8Ig5Ek,베이식 & 잉키 - 환상 속의 그대
7bDSIQbKRDvraEyflBvtRtEnQe88eh5tLfVCoU1bA6w=,INFINITE,Julia,95,https://www.youtube.com/watch?v=Is4Ne0KeBGA,인피니트 - Julia
TYj1oedaZQp8IFPZI58NlT27325K0pcvMUVXtcKW/k8=,4MINUTE,Sweet Suga Honey!,100,https://www.youtube.com/watch?v=hUIPuAWwhFs,4MINUTE - Sweet Suga Honey!
lUGO04CZECRu0OmXX9rIugfmxHFpiqPDIgrHDje4oa4=,Jay Park,사실은 The Truth Is,77,https://www.youtube.com/watch?v=InmJJVsF9qU,박재범 - 사실은
Ld/6eg8pmURQU4y+fx+aOYecC1B3OQfD9YqhUw2I1Wo=,VIXX,Heaven,132,https://www.youtube.com/watch?v=-IrsFtOx83o,빅스 - Heaven
rZs0+HgwlWV0PEsl3AdM97ooVwC4O2ScoVNRoTcCiR8=,BANGTAN BOYS,Skit: R U Happy Now?,93,https://www.youtube.com/watch?v=fERLV0gKBic,방탄소년단 - Skit: R U Happy Now?
Z/bvjNsaBqy5xRfBxb6ZVFV4FLj7Wp6k/e/WTKJKlu4=,Reply 1988 (Original Soundtrack),Butter Flying,117,https://www.youtube.com/watch?v=HVqxQThIGgk,이유성 - Butter Flying
w13tbAWczkAsgOVtPCSTw0U3NW9NPp/ukPQLEJwRYm4=,SEVENTEEN,어른이 되면,96,https://www.youtube.com/watch?v=DyJga7ny8jE,세븐틴 - 어른이 되면
FJj2PcbBE/3+fy6N5ueEQBAptefcDA9MpHMISpKTtvM=,Swings,a real lady,93,https://www.youtube.com/watch?v=8H2OTYIHJvg,스윙스 - a real lady
6f+i/CV0+90GuSoPydxZyVVhbUicS17RILubKGvsTs0=,Secret Garden OST,Here I am (Piano Ver.),75,https://www.youtube.com/watch?v=1YGW58hQWsU,MI (BEAUTY) - Here I am (Piano Ver.)
Tj47SMe+RT5Tw3uO8BN2JM5IkA/nTQtty6i6SA+LGLI=,Baek Z Young,안해요 (No fear),135,https://www.youtube.com/watch?v=sLY1xUdz9JU,백지영 - 안해요
XX0I0m8NHI0Er6yj9kSFvdIqQTBU37IxMN4fxdUH3SQ=,ROY KIM,The Lullaby,101,https://www.youtube.com/watch?v=AZPNajry6x4,로이킴 - The Lullaby
WJIu7qB2+H83Om/vTVHOPrsXQP+tFfW930OXeHzsGFY=,B1A4,WONDERFUL TONIGHT(UNPLUGGED REMIX),120,https://www.youtube.com/watch?v=PSJ5zcuHiqM,B1A4 - Wonderful Tonight
ESKj+U2gPRH+MBwf6l9A2U85GPtKU7UKSgP4Ala1PM0=,NS Yoon-G,I Got You (Inst.),118,https://www.youtube.com/watch?v=S2nyzytNQy4,NS윤지 - 널 잡았어(inst)
YfRZrC1uRO7dCK6J9SPvahS8TO2DVRX3tg4iCJs/11k=,Various Artists,If I Meet You Again (feat. Monet),128,https://www.youtube.com/watch?v=OXnA_Mz1BUE,그린 카카오 - 언젠가 그대 다시 만나면
IX3Q/j9I36mAQ2AxuUThE2pbcud4d14lPGAebmQ6y4M=,MONSTA X,No Exit,96,https://www.youtube.com/watch?v=H9zSm887HDs,몬스타엑스 - 출구는 없어
4yYqzHePZ8JW/4P0Vu5BFvnOgkXsNs7uDApz4hhR1YA=,Jannabi,Rocket,142,https://www.youtube.com/watch?v=Iorgs5qgDHg,잔나비 - 로켓트
hRxLPSSUJXpK7fJFFRatn0WTdzgeEYpl3gFcc993/Kk=,MC MONG,죽을만큼 아파서 Part.2 (feat.스웨덴세탁소),124,https://www.youtube.com/watch?v=phckZQ30r_Y,MC몽 - 죽은말큼 아파서
5ah5w+vzjEZOYs9m40OoHmHxjonFOfw9ZV6Srg14b+M=,Linus' Blanket,Love Me,170,https://www.youtube.com/watch?v=AY10bU_rBu4,라이너스의 담요 - Love Me
tvbMnzvMzPBe8gGCU9ppDZdvUwpWA2drnDIii/wwFbg=,Girl's Day,Hello Bubble (inst),107,https://www.youtube.com/watch?v=bIpCzFR-wYw,걸스데이 - Hello Bubble (inst)
jkS/tPdawA/fNAe11FRRygrptALSfEf78Xtsl5hSle8=,Sing Again| Hera Gu OST,I'm In Love,140,https://www.youtube.com/watch?v=dy3vl_LTlrs,유성은 & 진영 - I'm In Love
p6eszlY4ZJJYsLlaqCOgXkh9fct7f3NXzAWgmuoReOo=,Baek Z Young,비라도 내렸으면 좋겠어,1000,https://www.youtube.com/watch?v=0u51UhgzBk4,백지영 - 비라도 내렸으면 좋겠어
VFog2auqCBOsdHpYoeeqCNw4mywZF2jbn+8BTDt2spk=,Nop.K,nike only. clean 나이키로만,98,https://www.youtube.com/watch?v=kIqcyrUX7cw,놉케이 - 나이키로만
uU1NsSnU51LoMPtgSfSjNYBJqwxtIRnZhJ6H+JiQ8T0=,B.A.P,YesSir,106,https://www.youtube.com/watch?v=8dweg4o7RIU,B.A.P - YesSir
Fcp4IbG/pFuW7OK3LXE0ybbKxxXrT8d3qDGmTFATyVw=,Teen Top,우린 문제 없어 (I’m Sorry),90,https://www.youtube.com/watch?v=Mdc9Y4NvGog,틴탑 - 우린 문제없어
V9IJEicDdML1snIVBWPq3E9jX7sEAlNVczSyIgqNBDA=,4Men,Go Away,132,https://www.youtube.com/watch?v=SK6p0CDSP_I,포맨 - 떠나가버려
2zOcpLLGxRTinklOGwvOU/RnQIxHNyVnH1QJqBq28uA=,Nam Woo Hyun,Stand By Me,146,https://www.youtube.com/watch?v=jP_2bS_5LFE,남우현 - Stand By Me
/XWV2bEou8wAzKPbcEiv17yddGJonbdpvhUupBO8LfE=,Giriboy,I’M IN TROUBLE (feat.로꼬),105,https://www.youtube.com/watch?v=EdMrLYsdI64,기리보이 - I’M IN TROUBLE
N5+1X3fYIQ4JMOCVeGT02slACbOBjv4VH4AhP1Lpaac=,YoungAh feat. enu jong,Break Up Notice 이별통보,134,https://www.youtube.com/watch?v=CIPU4oHcM7o,YoungAh - 이별통보
s6iR5YQtasUIKsSY/q1JptKTrNAAaAn7gHe33C0XVVs=,Various Artists,Just Quit It,140,https://www.youtube.com/watch?v=q37-n5Qrpwo,괜찮아 사랑이야OST - Just Quit It
7IawlzhPQiSyaaW8nHUaH1UgbkxDHm90Qh2cCaw5iw4=,Younha,알아듣겠지 (feat.HA:TFELT| 치타),95,https://www.youtube.com/watch?v=jvfYpQX0FqM,윤하 - 알아듣겠지
Saci/NJf4ibcFMBIgqwAfAgHS9ehJc3o9c3HI35gBYw=,RYEOWOOK,더 사랑한다면,136,https://www.youtube.com/watch?v=tzPCFb7EvDM,려욱 - 더 사랑한다면
eLGqYYk3WEFay+PSKL8IEJJblW8+ObWlPYZOgWijOHU=,SANDEUL,The way with you,174,https://www.youtube.com/watch?v=8YUp_kWhoXo,산들 - 같이 걷는 길
jNeY49JoLD+WplgmDAffwNofH5heQR7W/C7y+tpIkaM=,SHINee,Dangerous (Medusa Ⅱ),118,https://www.youtube.com/watch?v=76Zv-pQANCc,샤이니 - Dangerous (Medusa Ⅱ)
WDJONeyDKTo5FqFj8EYvzFAXZrLlozQSb67W3pPcBmk=,SUPER JUNIOR,Oops!! (Feat. f(x)),153,https://www.youtube.com/watch?v=PFeIiLbOiK8,슈퍼주니어 - Oops!!
VA9dresvZuFdkPiwUZFxLbzzbL6TWH5dnaticaVcwRQ=,디오 (EXO),외침,148,https://www.youtube.com/watch?v=12rAayvI0no,디오(EXO) - 외침
sisjWEjuy/xDinQ5ONa0DvrFESxQEiBIBja4p+g5/TY=,RAIN (정지훈),Rainism (Remix),124,https://www.youtube.com/watch?v=ppYtku8Fua8,비 - Rainism
vigrP8o2QFMdLrfeg2mxbjk701qVzS3imXON7iP1AUs=,Taru,세탁기,117,https://www.youtube.com/watch?v=Xu-im-lBZsU,타루 - 세탁기
Ke2Xb3M+m1G5huPavkOBkeJD9WHh4YA03N7JEAsKPzg=,Various Artists,Sorrowful Ghost,86,https://www.youtube.com/watch?v=5diqyvdAumQ,임하영 - Sorrowful Ghost
w4Zku7HxtkAKl/BB8H81ZfWOXwnnmVbZBvFZeRPuRUU=,BANGTAN BOYS,Blood Sweat & Tears,93,https://www.youtube.com/watch?v=b23_UkBrrQk,방탄소년단 - 피 땀 눈물
8Dq5zFovgFMA+AGKN7sv2ANObHuamu5grHf1NkCOLAs=,Various Artists,Hello! UFO,147,https://www.youtube.com/watch?v=ZwVjbfBBmmQ,헤이즈 - Hello! UFO
v7UzXaEGQqiHE8aAXsBsS8bC0QkpTN3IcBgsH2c91Bs=,Yezi,미친개 (feat.San E),112,https://www.youtube.com/watch?v=gVx3kKbRkqc,예지 - 미친개
qfHrhkl//sMPzvpk9FNOanMzIQbdIBNUVrRpXzIG/Yg=,db,inequality (부등호),87,https://www.youtube.com/watch?v=X6G_8ftmHhA,db - 부등호
R/9RL4eEoG0AplySlLYQAFU/UINX71uRuyX7rzrk6wY=,APRIL,Snowman,120,https://www.youtube.com/watch?v=RYQS3YmhO_8,에이프릴 - 스노우맨
LTCs4rXO5ioFq77tgbb+4d/PZLcgs8FLlMxQz6en9BU=,Tiffany,Yellow Light,174,https://www.youtube.com/watch?v=YPt9gQsSD7s,티파니 - Yellow Light
Q4BlCJhqOeqa1flYQz0Hk7alxO46IXFrl8Ha4bjFimY=,Ailee,Scent of Woman,175,https://www.youtube.com/watch?v=08sUMoBWBoY,에일리 - 여인의 향기
ZVeXnBisvDqDssU8iIYd1nXi63QXb84A1G/etoKJuy4=,SHINee,An Ode To You,175,https://www.youtube.com/watch?v=5mhDiHyFE3g,샤이니 - 너의 노래가 되어
E8pLfRVP6k45Qnfxc22HctFtIR7BssuEmOTSM3Jxc0s=,Ailee,Live or Die,95,https://www.youtube.com/watch?v=w6yUYGd5M3M,에일리 - Live or Die
GtbU7C2/GDSivSjLZplZ4kBY8B+5hrneBfMeTiOQPt4=,OH MY GIRL,WINDY DAY,136,https://www.youtube.com/watch?v=zq0wYsM60v4,오마이걸 - Windy Day
kF10gaMWOD4II2BwC6Lxr93Im5sPvr/DgN8MBvwNuZw=,Han Hee Jung,멜로디로 남아 (feat. 김종완 from 넬),140,https://www.youtube.com/watch?v=EGgMjZDbpPE,한희정 - 멜로디로 남아
B8GVdpPzB1UStmj7f77wHc74bmRav1KiKwnGs5NvXF4=,PARK Sujin & Electro boys 박수진 & 일렉트로보이즈,shaking 떨려요,115,https://www.youtube.com/watch?v=7arTRoqY3QA,박수진 & 일렉트로보이즈 - 떨려요
7I1DrhJ6vJGuEQvMFcuHpvY6uWuAnJ4kcP8CHLpG2ug=,BTOB,Killing Me,145,https://www.youtube.com/watch?v=pL6G2PUOmwQ,비투비 - Killing Me
WGg46ZMWMBmTRn2rl+uaCoJEyboE/lP3AU3QKrw2mP8=,Reply 1988 (Original Soundtrack),Flower Garden,180,https://www.youtube.com/watch?v=E3WexZk1Bd0,이예솔 - Flower Garden
W45jucIPQ1Uonl4TxUCfpc1DepudsAzHAe3DKNj0jz4=,BeBe Mignon,Oppa Babo,1000,https://www.youtube.com/watch?v=NBb2N9Gfqlc,베베미뇽 - 오빠 바보
BYvGzm3JSzDux3+qsFcpVbGQXtDJjy4hKGjMZyJGhY4=,SUPER JUNIOR-M,Addiction,105,https://www.youtube.com/watch?v=ta50sPD68Do,슈퍼주니어 M - Addiction
viaDCa3uNWaoqf0Y7VerAurVWwGDCfFg+FdCmYC1lVU=,4MINUTE,Show Me,110,https://www.youtube.com/watch?v=a73VSAVZA5s,4MINUTE - Show Me
sA/+d5H2hLR8Urs/rKzEdQ7ToDhori9a3lVjdHAhGG0=,Jay Park,Count On Me (Nothin On You) - Subman KYU Remix,109,https://www.youtube.com/watch?v=z3ILxVlYYQI,박재범 - 믿어줄래
1+uXyzT86Lcc8Nm6YpSSKOVr026lpS93Mcx6+0fZmig=,NS Yoon-G,Reason To Become A Witch,115,https://www.youtube.com/watch?v=D-u4ULj7k0w,NS윤지 - 마녀가 된 이유
AyuAdMConsCPsFyTIxNIEALJWGwJF6a5Jqy6QjK3Eeg=,Block B,A few years later,95,https://www.youtube.com/watch?v=3q6oEyVi9Dk,블락비 - 몇 년 후에
GCF5cp6N9wQuzX9hiAm6PTCo2tDmdbgSQx8wShjfbvE=,Master's Sun OST,Out Of The Ghost,114,https://www.youtube.com/watch?v=Ik_c8iCCw3M,오준성 - Out Of The Ghost
twkUfO5+1JumNfzV4qwNOXhgoFr4ELtPqkzh1yUtPGI=,HENRY (Super Junior-M),Butterfly - feat. SEUL GI of SMROOKIES,88,https://www.youtube.com/watch?v=zbIND35CRgw,헨리 - Butterfly
iDdVL6Oa3dJ4MG4bYz+Nsz3EulQZz8G6vnDkDLmDpF0=,BEAST,Gotta Go To Work,95,https://www.youtube.com/watch?v=1BhbmhWMwC0,비스트 - 일하러 가야 돼
zPWdLRdzUP7NrQK/C8r73b+a0OimxDl/ScLp//JFNYQ=,VIXX,Sad Ending,96,https://www.youtube.com/watch?v=XW-XtAuNiO0,빅스 - Sad Ending
rcyzFFp3XetNBN5Ld42lDlp7s0HHbJzat+XPArjF5YY=,4MINUTE,Whatever,167,https://www.youtube.com/watch?v=cd_2jL9jdUI,4MINUTE - Whatever
KbqCEgAdAsKChDlYjWaRqk+WiwMV3gD4luS9YtWE2PI=,The Nuts,The Last Love,132,https://www.youtube.com/watch?v=ArieHzhs5Ys,더 넛츠 - 마지막 사랑
FF8TGbXG4xInj4zO++e3z6XYI+E0wNuHWQQJlpvZF6k=,GFRIEND,나침반 (Compas),128,https://www.youtube.com/watch?v=EV0y8HZW8Qs,여자친구 - 나침반
y3Ro3DrkM4GGkqH/k8dH0wMyLdGLUYjJI4Tm0z3+2fc=,BANGTAN BOYS,RUN,133,https://www.youtube.com/watch?v=2WBwJD6hldA,방탄소년단 - Run
kSlIXLKrUxRf7I9TkgjIfu74P/H6944hg41UPn6LvPA=,LOCO,RESPECT (feat.GRAY & DJ Pumkin),116,https://www.youtube.com/watch?v=jSZ58rqajDc,로꼬 - Respect
xf7LGopqYgsYD2V5Xz1+Mrotc6tktE4J723wJiu/zts=,f(x),Love Hate,128,https://www.youtube.com/watch?v=3jbSo--Px0U,f(x) - Love Hate
EjNZHhkf8BFzBU6h+uluRUTWbVCvDEQV8uHRL1JRHd4=,AKDONG MUSICIAN (AKMU),매력있어,125,https://www.youtube.com/watch?v=i7ZZ7bAw0s4,악동뮤지션 - 매력있어
nj3g6rsI92bIm5+A041gL+wMi76qe3zjh3jWcojAM6Q=,Various Artists,Shifting Hearts,130,https://www.youtube.com/watch?v=fu7srmTEyOA,문성남 - Shifting Hearts
e3+ZR1QiZv9KGpYZpfrfDb5zcdrQ4BwFUTcwRGJB12M=,4MINUTE,For Muzik,150,https://www.youtube.com/watch?v=lmyhOOlUiQI,4MINUTE - For Muzik
LB+zaSFBNcjSdXOw6M8BWfufaGq5MExgI+7H/LIF4k4=,SANDEUL,Stay as you are,93,https://www.youtube.com/watch?v=N0n7Ea74kYY,산들 - 그렇게 있어줘
7NdwrgZXmclTP/MCoV80L/MQWWjseyIojUKAefrB/2k=,INFINITE,Amazing,110,https://www.youtube.com/watch?v=ZLIqOjKWPvg,인피니트 - Amazing
6WKnrIFMS/r2jNu6gR2IEBdHYIHy1FStaWFRgwUH3VI=,릴보이| 베이식,돈돈돈,102,https://www.youtube.com/watch?v=6rbt3DjYoOg,릴보이 - 돈돈돈
uaMN3tPrvmCq586uZOsXxCuKFjeXTyzlgKMLEyyOZBQ=,NCT U,WITHOUT YOU,128,https://www.youtube.com/watch?v=SvwTl4IOJ60,NCT U - WITHOUT YOU
rO8URjqVL17Igk96X8wH0m0nuXhvs5c3ZTABc5JQAek=,Rania,Style,132,https://www.youtube.com/watch?v=4VF0TMCGsVk,라이나 - Style
/ztXe9LO5MPM3ij3gIjSM0GAe3YvYvB5IeBPuZk+6vo=,J'kyun,Bad X,1000,https://www.youtube.com/watch?v=Pr4JowItzOM,제이켠 - 나쁜 X
IvFntcKbWIh5lJ+PNAShjCfzv5Na4BwyJzP2+5mzboU=,Baek Z Young,Don't Forget (Acoustic Version),131,https://www.youtube.com/watch?v=oKjT6LEOPxo,백지영 - 잊지 말아요
KZeFml3iuqSljeokzQpAljRrH/5TDirH4qkOGngcSe0=,EXO,Monster,150,https://www.youtube.com/watch?v=EbEJFWjiops,EXO - Monster
ftMwSPnrTDuHR/VBDEeQgtxcA5rbL04QDJcXseh6yro=,Donguk.s,The Bus Seems Slow Especially Today 오늘따라 버스가 늦게가네,170,https://www.youtube.com/watch?v=pyW2_3IaqiE,동욱에스 - 오늘따라 버스가 늦게가네
EzlqkWN2Fth2hpFSYSTF+lg7uHgU1iSXkaOch0DWlH8=,f(x),My Style,106,https://www.youtube.com/watch?v=WZQ53iNZ9J0,f(x) - My Style
ZORDGoyHUiKnOXm797wZAP7M0ZTFtneOiDZ9EIBnxWM=,Sosimboys 소심한 오빠들,separation restaurants 이별맛집,95,https://www.youtube.com/watch?v=m8eUuJoexu8,소심한 오빠들 - 이별맛집
mYTdZAehawE3pzkYQ5qSdiR8drYtRPmdHTBo63lp4ss=,Sing Again| Hera Gu OST,Oh My Love,104,https://www.youtube.com/watch?v=djiK0vLFX_Y,민효린 & 진영 - 널 만난 이후
bYwqUDWkH2sxvjMZOFuhx3TQNKK7V6Lt0aydtJsuzGA=,Swings,On My Way,103,https://www.youtube.com/watch?v=wNjQ8LDR-b0,스윙스 - On My Way
+IRuaK55f98JZpPCg89Sn7iyWB1Mb7fUZLOKa8YWW6E=,VIBE,A Lonely Guy,120,https://www.youtube.com/watch?v=bTx8pv_VhCk,바이브 - 외로운 놈
bfmcZKFGRTE5uKLmv5KZ6FI1rlsdUaQS/QkNofBhHxU=,EXO,Cloud 9,103,https://www.youtube.com/watch?v=iEVaw0Ooh9E,EXO - Cloud 9
Y04GWbVI7AJ8cyFFYgu2EB+bXOdYjJDCae2YbR4EMUE=,Kill Me| Heal Me,Strange Feeling,116,https://www.youtube.com/watch?v=Bnc3O7OkQlQ,이유림 - 이런 기분
QPxod1GfecotaWqxnbp4lZ8rUe1/wvd4wO1L8p1ftSE=,EXO,Let Out The Beast,122,https://www.youtube.com/watch?v=Ac73vrPaKxs,EXO - Let Out The Beast
SVbOmi1nO9AQvDRzbsUW82XfhmTrQDWojxXuni4pizo=,Ra.L,I Wanna Sleep,82,https://www.youtube.com/watch?v=vISAh4A8s4M,Ra.L - 잠을 좀 자고싶어요
YbflC1PV8JN6/z6tIXGrjNtfT6eTlt6co4nnIY4zXo8=,DEAN,And You? (Outro),94,https://www.youtube.com/watch?v=zic408dm4tc,DEAN - And You? (Outro)
ZckRiOtZridCZzMEpx75HKRuMVbwj6ITIK1981IWHzM=,J Rabbit,봄이 좋아 The Spring Song,81,https://www.youtube.com/watch?v=X77Hpe3qZ8E,제이래빗 - 봄이 좋아
biYt64kg10UDAgaUGx4ptVT41hB1F9IrvBSXwlu8apM=,Teen Top,쉽지않아 (Missing),113,https://www.youtube.com/watch?v=kRuKy6WL-Tg,틴탑 - 쉽지 않아
oCGlNtIIqR4aVV5ksvItuA4BgpIC8Jjo7AEzn641wEI=,Lee Ki Chan,Watching The Love With One Eye,1000,https://www.youtube.com/watch?v=6nXNcx2WExU,이기찬 - Watching The Love With One Eye
0z2+AUE7SdPTXq+6AQwOQ6iHMRWsxvVM++6H9cs35OM=,Guckkasten,Mirror,150,https://www.youtube.com/watch?v=YWDKnqOZ3ro,국가스텐 - 거울
5oOqIihv9gyTCjh9rfQeaAedAMeboui0RuZfdhsSaHI=,AKDONG MUSICIAN (AKMU),How People Move,122,https://www.youtube.com/watch?v=MWROa7V4FqA,악동뮤지션 - 사람들이 움직이는 게
NXTBdX9aUZcpp/0SqtmN+njD9D3bQVLiur2a9a/N+HI=,Apink,Perfume,100,https://www.youtube.com/watch?v=XSxyMVQCEvo,에이핑크 - Perfume
dnQK4vjsm9Pi9v87CaO+f5D7IVyKkCf2Rt3zeQ3aLCA=,3rd Line Butterfly,김포 쌍나팔 Gimpo Doublehorn,105,https://www.youtube.com/watch?v=jPv2DNfHgmM,3호선 버터플라이 - 김포 쌍나팔
sBv4L00zDRETnv1OWaVR3v1QlbzjmWUnBLVDlHcOunI=,SISTAR,있다 없으니까 (Smells Remix),75,https://www.youtube.com/watch?v=ej_GYBvt8sw,시스타 - 있다 없으니까
QXsrl8i/xsn8JITbxg7oxXxmOCxSOIzlgPw7hWQkN/I=,Red Velvet,Rose Scent Breeze,128,https://www.youtube.com/watch?v=oYQHPSNlo5M,레드벨벳 - 장미꽃 향기는 바람에 날리고
+5GYvRhB+D0tfuvHcLBYtg6dWA8+QquBtYPxi+zrBnU=,Fromm,COME TO THE BACK SIDE OF THE MOON,116,https://www.youtube.com/watch?v=hLiTZkvm8kY,프롬 - 달의 뒤편으로 와요
OcfvtaHyhsx1+WUuTlKf79n9RokSUJvvISWQbq5g52w=,Diary of a Night Watchman Original Soundtrack,Only Tears Flowed,137,https://www.youtube.com/watch?v=xX8pUvkGNwo&list=PLcIxDF7OAVmwsdUk00Io5dMVKSNqX_cB4&index=3,트리탑스 - 눈물만 흘러
htNwgsiO75NnowfUojtfOni238JKpiY8cI/+2p6CCoU=,EXID,Todak Todak,94,https://www.youtube.com/watch?v=y97wJjVdQuQ,EXID - 토닥토닥
5ACxnQR7t9771b2XmELQPXkRuUJNpQkoj9dp1wPizcQ=,B.A.P,COMA,95,https://www.youtube.com/watch?v=bTemRyQ8dlg,B.A.P - COMA
24jCxY0EhbMG+IRrnJi1hXp8aq1oOzkADgZTVzkSxss=,Various Artists,Smile of Blessing,89,https://www.youtube.com/watch?v=pSVzG_vB-dw,오준성 - Smile of Blessing
FmZNtsUvrMZN1EHuS3t6oKUhYVgRXK+lohTNpf2+pK0=,LUNA,Keep On Doin',97,https://www.youtube.com/watch?v=OqlC-qVphDc,루나 - Keep On Doin'
tp7THNyPlKmVY75Sr0eloI/ZbCgo/+zXzDHN40fBw9I=,The Electriceels,Honeybee (꿀벌),116,https://www.youtube.com/watch?v=3KWJQT4xhok,The Electriceels - 꿀벌
AZsc+VKQQeGmueK2nruiY2jjW9u2mrnAL33T0u/2nCk=,Various Artists,Slow Motion,124,https://www.youtube.com/watch?v=_GNTJ5Mw24M,괜찮아 사랑이야OST - Slow Motion
27flEiMU/4b+xwf8U031atmXuDyp3zeeG7j7MvhVVAg=,Various Artists,With you,138,https://www.youtube.com/watch?v=KhdCarU2XMM,린 - With You
35aOe9fd1ms+EkBQIUnF6wZEJqZw4tbJjQifBHzLsmc=,CLC,Day by day,105,https://www.youtube.com/watch?v=wk5KQ8phDw4,씨엘씨 - Day by day
rZ8yKnjdEpbHwPhYuOcQbXUZLS8C/VwJYHVrqM8bP+0=,My Love From the Star,Mocha Comic Tension,126,https://www.youtube.com/watch?v=LbUCpnagA00,최창국 - Mocha Comic Tension
A3/h/lHtDkSHT9oGZBz46Wzyh5JqWo9avTMjyrPMZGs=,DICKPUNKS,I See You,83,https://www.youtube.com/watch?v=4BhRyfa18cI,딕펑스 - 니가보여
NJqdMeMGZfFiZwT9Wf8T40Ij+O5jXPJOxS9KKcarUEg=,B1A4,쮸쮸쮸 (Chu Chu Chu),84,https://www.youtube.com/watch?v=BIhIbV3Qa8k,B1A4 - Chu Chu Chu
FG0z0iuOjThWud38h8+n9e0s2dFOQxhKkkz1lcPxhoA=,Yozoh,뒹굴뒹굴,172,https://www.youtube.com/watch?v=7r8lcIuFBRM,요조 - 뒹굴뒹굴
TgaMnivW1xX/1L+sjP5g0DmACfe5yegH+MVRFpAVIRw=,BEAST,I Knew It,91,https://www.youtube.com/watch?v=4O2DyHH2-4k,비스트 - 이럴 줄 알았어
GQDDh719FExIeHYpgwl6XylHeqJDUlQMNCuTv+Q71B8=,Urban Zakapa,Crush (Reprise),90,https://www.youtube.com/watch?v=0Jq8B6N3vMc,어반자카파 - Crush
8PMeVzFs8qOlK/gYr2Rfc5R5Lg+06tyYYlVMZl5UNhk=,Blue Eyelids,Play Ground,119,https://www.youtube.com/watch?v=B3LTRNEpYcY,블루아일리즈 - Play Ground
qlWg+YRAuqePyYE3shCfKWH9aK9YxBnjZzX37CLiHVg=,ROO,Just Good,100,https://www.youtube.com/watch?v=LKnH5qgdY5U,루 - 딱 좋은
lXVFBvJFUH/e4GWR5Zj525yxiUAgrSezDOtu43AiyyE=,NoticeNote,Secretely Shining,132,https://www.youtube.com/watch?v=Xiz2GDjXR2Q,노티스노트 - 몰래 빛나는
4A++HZ+bEKijYnW0gCtOivif9ow04FqSdNl8Al2RZbk=,Various Artists,Lovesome,134,https://www.youtube.com/watch?v=XGD_YHFd2DI,라디(Ra.D) - Lovesome
Q5miW5A8WaSKktXSEjOKkvTVkS2Zub0BJw3htPJyZOY=,SISTAR,Give It To Me (Reno Remix),136,https://www.youtube.com/watch?v=QR8zSrx9tiQ,시스타 - Give It To Me (Reno Remix)
3ryRvyyO6VHcyEiDr5nQs3TmdZko42GNP/hl1MeiV+Q=,BANGTAN BOYS,Intro: Skool Luv Affair,94,https://www.youtube.com/watch?v=37167fMEw5c,방탄소년단 - Intro: Skool Luv Affair
UqvpIEF3XRtzhNH9lu3NKSqP6J29xy/e8x7LUWJBEdA=,Broccoli you too,No More Encore,125,https://www.youtube.com/watch?v=xvmwqB4fjQ4,브로콜리너마저 - 앵콜요청금지
QWBPE9KXwj2QHGZ0W+6hi0BFKD9f8WQ9rJetUztQYqI=,INFINITE,True Love,95,https://www.youtube.com/watch?v=P4ukWaU2ii4,인피니트 - True Love
bIecMypLeN+wcv36EKlW6pJIpWrm3vn1DcuM0oD/FaI=,SUPER JUNIOR,Y,106,https://www.youtube.com/watch?v=SBCeFwjpnCY,슈퍼주니어 - Y
4ZYQOAkzOc9WKBkIDdQVo1HqlcERWO9uppByQwZO6hQ=,SUPER JUNIOR,Wonder Boy,164,https://www.youtube.com/watch?v=ROyhDp4HyCE,슈퍼주니어 - Wonder Boy
tPZ+kUY5VFIS4p6c5rNfVdDPDSeUYGYMJmoJJzhvNvg=,Lee Hong Gi (FTISLAND),Kings For A Day,100,https://www.youtube.com/watch?v=uPi2J8ygssI,이홍기(FTISLAND) - Kings For A Day
ysZjOFKPw1opmDY4MgDMTFPA24bho7hoIWiLcQ2IJ7I=,Jeong Eun Ji,Hopefully Sky,93,https://www.youtube.com/watch?v=Oe6z4yyja1w,정은지 - 하늘바라기
Rfd0zjuKaemIZlpYJ0CovYH6r6nHd86ICbzFe+6wgng=,MAG,No Regret Life,1000,https://www.youtube.com/watch?v=YzwGyYh4ttA,마그 - No Regret Life
osGr7Q5U2IzI0B3IwmpFMz9Y2fWpOKDhDZHzd2F0NGk=,S.E.S.,Remember,150,https://www.youtube.com/watch?v=Mk1yAfP95zQ,S.E.S. - Remember
bUC4DP4XsVuSnZXotohhv3zM4ljKWZpwOES/6P1zo/s=,O.O.O,빈 Empty,118,https://www.youtube.com/watch?v=WkmTiMUjDDQ,O.O.O - 빈 Empty
i2MIhO1DuJG52cTF661cVwe2NqKYszfHQML0vs6TK3M=,B.A.P,NOW,90,https://www.youtube.com/watch?v=eag8LgDMHKM,B.A.P - 지금
Une3739abF0j9f5bVtVC1uu7+l2FJmI+YFhnVMbva0U=,Dalchong,This is my love,180,https://www.youtube.com/watch?v=iG7PMAWoqbs,달총 - 사랑이라오
YF2MAPI1Zqep6Xxl7hnfm5chKJeZ+llLlBMmkIhK2R8=,Master's Sun OST,Love is Like A Pickture,104,https://www.youtube.com/watch?v=mBM3uNPaNUk,오준성 - Love is Like A Picture
bV89b0TYpsRcRnRsoPfyfUhVH6RrBdgP2XtIZpf6RMs=,Lim Kim,먼저 말해,1000,https://www.youtube.com/watch?v=mSJ9J58pOLs,김예림 - 먼저 말해
D9hpmcV22RjJCJrEArEMFNdjaGOL/2af+0Is+h+WNnY=,B.A.P,Coffee Shop,170,https://www.youtube.com/watch?v=2tF28KqqjXs,B.A.P - Coffee Shop
Ta6IaPPCvENOfsS3rssB7FlgjqB0aCqUNdX766zwF2M=,NS Yoon-G,Love,150,https://www.youtube.com/watch?v=pktnYvLBm68,NS윤지 - Love
YKczWtHJ1bJHJZgMKdFtfapRDVALz077rFFWtDUErxc=,Diary of a Night Watchman Original Soundtrack,Secret,73,https://www.youtube.com/watch?v=w4Cz7tDiPPI,지나 - 비밀
aAJrvZ7P1yElweMLlVwP0FUqr0Kske54hRYc1rXDduE=,Jungyup,Shadow,128,https://www.youtube.com/watch?v=OFBT953g0Uo,정엽 - 그림자
LVmtW4bZAwboWo9y55OTBW2f46YjmS/fRt9TomJB6IY=,House Rulez,Do It!,129,https://www.youtube.com/watch?v=KDHtQxDxdyc,하우스룰즈 - Do It!
z88PWA5JJH5KdaqnQAFH6R/06f9l7NbEa5tLFvLAIRw=,MIIII,Not-Boyfriend,84,https://www.youtube.com/watch?v=Zo5WP7kpe04,미(MIIII) - Not-Boyfriend
wN8wMoHoVfB1JmDrAwA/IGoyagkRjX1UdWF7fsX13sE=,Fromm,Pieces of You and Me,106,https://www.youtube.com/watch?v=Ukgb8BS4S2U,프롬 - 서로의 조각
aiMxDILG2aS3qOxkTV2lOVteNsO+xEcaBakNpDVxUSw=,Humming Urban Stereo,Space Loves Disco,125,https://www.youtube.com/watch?v=1xo0Ah5mGcA,HUS - Space Loves Disco
M6MDUM3pPkZuXBvFeTnl0hJIBjS9IfHk7KZ/mg9XQew=,4MINUTE,Come In,90,https://www.youtube.com/watch?v=aiu6K3OzhTY,4MINUTE - 들어와
zuCf2kWBCKU+gYZpKbcE8LOhK0xZXqvsl7q/SfMWNrI=,MBLAQ,You,120,https://www.youtube.com/watch?v=Au_GKZFed7g,엠블랙 - You
Oeal0s7i8Ywqkwf7LJ1Hnh39YNdyKH47uEAiuin0v5w=,INFINITE,Intro (Evolution),102,https://www.youtube.com/watch?v=pBj9-piTpp4,인피니트 - Intro(Evolution)
cZb8/I5LBKRlmpn+jLlxBlxRXPi6ikYvjjK6pi8TIW4=,Backstab feat. Inda,I Know You Will,165,https://www.youtube.com/watch?v=G4cBo7dj9w8,백스텝 - I Know You Will
eAGKq2sUowaq+TQN+XQdeY9kiO2QxyEW7yKwoO69fnc=,Urban Zakapa,Inevitability (Reprise),80,https://www.youtube.com/watch?v=W_JR4atDcuk,어반자카파 - Inevitability
cUhkOjB1tLhPq5VfVb/0Z5zX8wq7KnayGtSknYDE+TU=,JUNIEL,Everlasting Sunset,160,https://www.youtube.com/watch?v=T916KghHIv8,주니엘 - Everlasting Sunset
nW7czLK5LBcCT/uAo+03SyWAbaEEaSnXI5uxhC7QiBM=,t Yoonmirae,You Are My World,131,https://www.youtube.com/watch?v=DgHE6BepMGs,윤미래 - 그대라는 세상
M8WewT1w/Tg2lzlFnk/a7JBdGXR617alhJmtV1N61kE=,Lim Kim,Stay Ever (feat.버벌진트),76,https://www.youtube.com/watch?v=YxEzIdrh5rk,김예림 - Stay Ever
dgM09WYrhA9/YN+FNtuHC+H0ZUZi9LCnPEH1o5tBUcs=,MC MONG,Flower,104,https://www.youtube.com/watch?v=TK2kXNO9mGk,MC몽 - 꽃
Myw2+ZDKSo6NsK6oNcxAOumYczgbjDwxelmvYwr9nWc=,San E,마치 비행기 (inst),1000,https://www.youtube.com/watch?v=fbms-lW3n_I,San E - 마치 비행기
RQyPVkdzi2Fj1F9Ulqq4AISg8IchF5SB82uDp180IIc=,Various Artists,i can't live 사는게 아니야,140,https://www.youtube.com/watch?v=P2ucJbFM9iY,조현아(어반자카파) - 사는게 아니야
TxOLlJplvsFMshkYAl1/z76iBt0HnmgPhxnS012TtVw=,EXO,XOXO (Kisses & Hugs),94,https://www.youtube.com/watch?v=2d-7vGTMw5Q,EXO - XOXO (Kisses & Hugs)
ICAL4DmtvK6YqiC1GLvHAOPt4SgSBaJT4pg3MP2iF4k=,Secret Garden OST,Main title (BGM),136,https://www.youtube.com/watch?v=PpDRMK950eA,시크릿 가든 OST - 메인 타이틀
wYx0ZOnrb1p44Ve19Tf61tLam2YR8A6QxN13mxIGhko=,TAEMIN,Sexuality,105,https://www.youtube.com/watch?v=GrdtR49x0GY,태민 - Sexuality
aVe81lrj4cxrN7W+9fCnW4OaomN1zFVAGHv1744dPoQ=,Master's Sun OST,Mi Chi Ge Man Deul eo,138,https://www.youtube.com/watch?v=bztNjL76goE,효린 - 미치게 만들어
89aLB4YbRdzjH5uyoFu6J7bz2GLXIFv8VR1uESZJNOk=,FTISLAND,새들처럼,146,https://www.youtube.com/watch?v=JWV_VuWn_n8,FTISLAND - 새들처럼
VNzHe7AasjRbtHdQ8PLmDFYcJ85qpGtYCIpPHJrwI3U=,AKDONG MUSICIAN (AKMU),외국인의 고백,117,https://www.youtube.com/watch?v=_lip7tyMQmQ,악동뮤지션 - 외국인의 고백
5g52HtzjEL3gVdB1ZC1kq+JlDpDwDLG/eG93EXqemiM=,Jacoustic,Empty Street,132,https://www.youtube.com/watch?v=j9T_fTqmy_w,재쿠스틱 - 그대 빈 거리
kc/i+A1eC1gl+vEYucRJpJaE/1HFxv2IINZYhho+tTQ=,Song Ji Eun,예쁜 나이 25살,113,https://www.youtube.com/watch?v=dMEZMHpWTSM,송지은 - 예쁜 나이 25살
bTy73elS6bBrXaBMKwt40Mj/aFS/d0cijdq+Re/ki6M=,BEAST,Yet,130,https://www.youtube.com/watch?v=UFbmr4kZp9w,비스트 - 아직은
GGLWlZbl0v6poZxub7tjkyRH8Plej6EG6EpJHqUeziE=,Reply 1988 (Original Soundtrack),Broken Heart,100,https://www.youtube.com/watch?v=tf0pYYi5WJ0,최가람 - Broken Heart
nKs4AmHJkrIsp+3R8in+vk+mrY7vHh12KjVIcehiF2Y=,ZINOV,여기봐요,1000,https://www.youtube.com/watch?v=2ehqBe0SYlo,지놉 - 여기봐요
+MoXz/I9G8Gulq4zm+mKkKEpo/M4O3QcAp3qBTh+cpQ=,f(x),Beautiful Goodbye,69,https://www.youtube.com/watch?v=UgO8wlKgdOc,f(x) - Beautiful Goodbye
7o8CMbVT3/WRxLP8crWTCl2vTRHT1OWepQy7flmGQJc=,K.Will,Bon voyage feat.Beenzino,89,https://www.youtube.com/watch?v=fz8XWRVyBiM,K.Will - Bon voyage
RXDCgmu1vn2R55jZs13Rp2D5jQ2M46GQ66lAFB9MhGk=,K.Will,Sweet Girl (feat.LE of EXID),100,https://www.youtube.com/watch?v=_nwXSW4riDI,K.Will - Sweet Girl
II0RnLGcKjyqexxlPNIIYq2GfDFEQGO5yMbLaPRS+ck=,Various Artists,Be Alright - Yim| Si-wan,63,https://www.youtube.com/watch?v=TWXVLX71msg,임시완 - 그래도..그래서
mZICHuYE7vkHrHo8CD0GMzKpfBaGkNpRpgfAzGUeSDg=,Girl's Day,White Day,90,https://www.youtube.com/watch?v=YBRY_URn1mw,걸스데이 - White Day
Yd1AgzripMGNgtAv6WjsnS79Qu1K09ckSvGQP6V/X9c=,EXO,Black Pearl,137,https://www.youtube.com/watch?v=UrHUspV2pv4,EXO - Black Pearl
8xiaU9fBrcMF9k6VrFgL47gDva3MBH5GJiQkWC22WGg=,Kim Tae Woo,한강고수부지,90,https://www.youtube.com/watch?v=qKbHHk7Um6w,김태우 - 한강고수부지
5F0MuRxerovhta8usl18ruD4ADLG19U3vP9HBK3DuCs=,Secret,별빛달빛 (Starlight Moonlight),130,https://www.youtube.com/watch?v=eqGhFila6qM,시크릿 - 별빛달빛
IRS4sbAdY+JU3I7oZm9frQRUkASAACq9PoUaaqxuK6g=,SISTAR,Sunshine,125,https://www.youtube.com/watch?v=5tK8627wCtw,시스타 - Sunshine
N199Mxb1WhG8Fn/7HR3xSZGprOIKMi5bqvgHU4ljTYw=,DEAN,I Love It,125,https://www.youtube.com/watch?v=irSrXIuRocQ,DEAN - I Love It
As4bJ0+AnLwCHTXeQrpuhOMYKMkc1zHU8A2J9Y1Wkug=,SUPER JUNIOR DONGHAE & EUNHYUK,Motorcycle,122,https://www.youtube.com/watch?v=SSyCkwI6ol4,슈퍼주니어 - Motorcycle
4BzLY0I0KfuWVdGV7CmbEHwLe8hqvYC8W94l2+5MrNI=,Various Artists,Der Rosenkavalier,160,https://www.youtube.com/watch?v=StZqbmSHJMY,최철호 - Der Rosenkavalier
0QS4lQVYWH764JRbdLIL/hqiC90dQWSN2GJ6c35dX24=,GARY,둥둥 (feat.Skull| Deepflow),90,https://www.youtube.com/watch?v=GYkOUX0fDP8,개리 - 둥둥
05muHuSkrsiY7nhNBURAvCOUbJd6jhpi+lHMlP2HYa8=,LYn,20th Century Carol (19792016),88,https://www.youtube.com/watch?v=U405-VXan-E&list=OLAK5uy_kiL5-bbPRPXjy05loUDCi-t_GRf_MHP9I,린 - 20세기 캐럴(19792016)
tw9X4XTwL4+oBLM+S8SwJpnqauwHcWfgBZitoGaYWVY=,Various Artists,The Witch's Advice,136,https://www.youtube.com/watch?v=z5HhZVcKXcQ,김민영 - The Witch's Advice
wXr2ORFMOd5PJ+sQo+wr3vaVBvdMTvghLq7bZKWDjY8=,Verbal Jint,My Type 2 (feat.강민경&산체스),100,https://www.youtube.com/watch?v=TRCyXh4dW8Y,버벌진트 - My Type 2
YOihceqALxF2Et1dY2/j/o3RLqSh33hxeBqlPyXfKJg=,Jay Park,Forever (with DJ Ale Mora) [feat. Cha Cha Malone],144,https://www.youtube.com/watch?v=EMj7hPy4wJ8,박재범 - Forever
TZ/cZiCiTisDrxfLE/RCfkBE/TSnfdS+FWxpx4FUBIU=,AKDONG MUSICIAN (AKMU),Anyway,123,https://www.youtube.com/watch?v=roFSf4_t3NQ,악동뮤지션 - 길이나
ceuHcmis9kbuNmYa7Dg5bEyYmvOIJ2IGdC10aspENJM=,B.A.P,Power,94,https://www.youtube.com/watch?v=zu1RnIUXjD0,B.A.P - Power
/6BY5T4k2CCg8aXlHzl/22mhYcxbosMIlHG6pM5+/6I=,SUPER JUNIOR,Let’s Dance,123,https://www.youtube.com/watch?v=I1-q8mrnpDU,슈퍼주니어 - Let’s Dance
KSHutwn1e3c72djRlfGIjkZGAwgASxaY3MJHK98RF94=,MONSTA X,HERO,146,https://www.youtube.com/watch?v=jzYU7nCNR4c,몬스타엑스 - 히어로
YXGapUlCn+FNBVdCTcI44Co6s7C+AOpyMd8VNYmEXvQ=,MONSTA X,Interstellar,131,https://www.youtube.com/watch?v=eJFiYg1xPqQ,몬스타엑스 - Interstellar
7iixv7ajjsiV74baDxtyPyIN9NMwwxEY2snXvdcC4IM=,HENRY (Super Junior-M),My Everything,172,https://www.youtube.com/watch?v=Mbm5PldbeWY,헨리(슈퍼주니어 M) - My Everything
Sw6Sa7JRB4lf/NpKQwGBSBK1Fb2JU/ML0hlrpGQit28=,UP10TION,나한테만 집중해 (Attention),106,https://www.youtube.com/watch?v=vdZ4mm8cz7Y,업텐션 - 나한테만 집중해
pnui6iWry3NHv4INEgf36MXtRdQn9TIedaVbQs89lmg=,OH MY GIRL,I FOUND LOVE,176,https://www.youtube.com/watch?v=FSURdgkuCYk,오마이걸 - I FOUND LOVE
mvvsD73b38UyBLTk8PdUihQ5Gt2HwRcKPnicQtheH2M=,Achtung,Cloud Rain (구름비),136,https://www.youtube.com/watch?v=HvVCdB5wZNY,악퉁 - 구름비
+WwLTfFz3/wqOac/1e8LYWTLw9IZWWxZP7/XoUEc43I=,Seo In Guk,Seasons of the Heart,147,https://www.youtube.com/watch?v=p5X1G-tYBRs,서인국 - 너라는 계절
qpZ4tFRPEAPYCqddWxtENFoEJxyUSIA+SqOLHEtSE6A=,Apink,BUBIBU (Original Ver.),113,https://www.youtube.com/watch?v=eNcn4vA-9sE,에이핑크 - BUBIBU
vuj+ya4Q8K3GpC4QC89Fr0+YaogvfhKesZWTinNb7gw=,HyunA,Morning Glory,83,https://www.youtube.com/watch?v=e7o7imXGUKc,현아 - 나팔꽃
S/g5/F42QWDXoTzop8n3z9UP9HrvGwlm6pUGtRLf9K8=,Various Artists,Tears fallin` (Guitar Ver.),100,https://www.youtube.com/watch?v=4Sz5eqn3fyY,김보아 - Tears fallin`
ddUlkvWyAH9Ni4bUhI/qKZhEcY9mvAWnerYZBeh5Rwk=,J.ae,Word like I love you,1000,https://www.youtube.com/watch?v=3bYNMl1VbZM,제이 - 사랑한다는 말
NdK3f/wW7vgZQUO++1w+zwMVexFCxaSAzVPOrpE8Ldo=,SHINee,So Amazing,110,https://www.youtube.com/watch?v=7kvVpDugNw8,샤이니 - So Amazing
Zi3DbESRF8fLaxjhpSOFq/E7jfLiUqLV+gwAOvgLYjU=,Kilt Han,Do U Believe,1000,https://www.youtube.com/watch?v=kALgUO-vDro,한이성 - Do U Believe
+28r0z2CXxyecOnc/euKzjF1udfSGZgPph4KS0u0EqU=,BIGBANG,My Girl,128,https://www.youtube.com/watch?v=lXVZh3XYPdU,빅뱅 - My Girl
MpuR7wU0VaPUPhsutx3c1l/BV7mXcXLoM2WSzDqIPWE=,Soyou & Junggigo,Blind (Twilight Mix),120,https://www.youtube.com/watch?v=lu0eYMMpQag,소유 & 정기고 - Blind
dfOHpnSsVbTsBszZb20CGrR4yKWH98liMlsNaFf8jnQ=,DICKPUNKS,You Don't Hear Me,90,https://www.youtube.com/watch?v=gJzAmWLrJFU,딕펑스 - 들리지 않겠죠
vXywYK6TfNKkB26WPZYRxVRW7kvxliNWvK7Z3JBGPag=,Kang Si Hyeon(OMZM),Wonderful Day,113,https://www.youtube.com/watch?v=JyqEi2e3Zlw,강시현 - 오늘 같은 날
BTxYHoCOtu5SneTh5gM32yMAhOHPBChlpglJ3ZRRSTg=,Various Artists,The Chorus Of Knights (Opening Title),60,https://www.youtube.com/watch?v=_XDUam4-pis,오준성 - The Chorus Of Knights
muGzGQVSShWPsOIXWPyDOPRbu4bjOCRyxsvTr/VKAxg=,Urban Zakapa,Love is all around (Reprise),90,https://www.youtube.com/watch?v=yIETT2mwqxM,어반자카파 - Love is all around
sfv+GhNSm95av3JppyBGb2A4QsOeWmxYXmOXbAHrLKw=,Clazziquai Project,Madly,110,https://www.youtube.com/watch?v=g9iUDKeokIw,클래지콰이 프로젝트 - Madly
v+wLQSrVdaMpq75MEw33w166jDaU7aKeoJtdG79v6W4=,Second Moon,As This Time,91,https://www.youtube.com/watch?v=e38Ijf-MMYI,Second Moon - 다음 이시간에
Nu8uZQLiIL6WMe8AVdYjbnmO7kFbipzXoKLi0t5ejFI=,B1A4,둘만 있으면(BARO SOLO)(feat.민 of miss A),98,https://www.youtube.com/watch?v=7A_tJZblEP4,B1A4 - 둘만 있으면
U6Zqku/4BCME3fCIOOmPkftHAkhyumxJ4e0EqJKczkY=,IU,너의 의미 (feat.김창완),80,https://www.youtube.com/watch?v=dcdcSqDL4YM,아이유 - 너의 의미
eV7pclvgexAw7xzz1jz+/BHQv4KsFIeTwz1hafAjSIs=,Apink,4월 19일,144,https://www.youtube.com/watch?v=Gpsu2M8nAVM,에이핑크 - 0419
Nqol2zU4pSyQVWFZ1t95HGHlj06GRu8aPWVTsRbH7E4=,Kisum & Im Seul ong,Finding Differences,94,https://www.youtube.com/watch?v=8i4-lw32qcw,키썸 & 임슬옹 - 틀린그림찾기
jy1TFcfkRxm2ITTR7fNYaUvxUek7FOa6rIX/hf/hbJw=,The Nucleus,The Shoulder,100,https://www.youtube.com/watch?v=lSBbLQXAUZs,뉴클리어스 - 깃길
pHx1xu54Qn6AYWJ9NA3JOM4RaGZfv47IwhcCyC3FzLM=,ABC,Letter,1000,https://www.youtube.com/watch?v=LR6ZPRftn1Q,ABC - 편지할게요
FhksTc1K9AHCTcXOoYTOiCApHytKtSh0RjzFIdQM2tg=,Hong Dae Kwang,Aren't You,140,https://www.youtube.com/watch?v=BETXd_AUeAg,홍대광 - 아닌가요
Qk9ZK3Z7DO3KcFKsXz8vHSbVC25NHPYu5J2a2ThgI00=,SPY Original Soundtrack,Agonize,1000,https://www.youtube.com/watch?v=jPsWl0BUBkM,스파이OST - Agonize
iYFIXPU7VskJXdrG0aOJpEJe+vMfd8VGlt1PdKaqzCU=,빅베이비드라이버 Big Baby Driver,Baby You,96,https://www.youtube.com/watch?v=yf8WY_n5ANk,빅베이비드라이버 - Baby You
2JdrlLVc73yRL2hyb+Y0R0fD1kwklPU2mAzEXwplfho=,SMTOWN X Steve Barakatt,Sound of Your Heart,132,https://www.youtube.com/watch?v=qYUXG_dDvhI,SMTOWN - 너의 목소리
WXQuOGUNGrciBb3xMREyTmibiDpzrqFOjtM4Z5+KO58=,IU,벽지무늬,100,https://www.youtube.com/watch?v=81Y1lo-vY2U,아이유 - 벽지무늬
oZB+o+vBykT5qdWn0A3a3aSda7e1Ln7pJYPEGDeo5aQ=,YESUNG,My Dear,75,https://www.youtube.com/watch?v=iuL0f30u5O8,예성 - 달의 노래
qh0J8eUjfsSpxf2z3CncV2OjAnzEYis79C6cquTFgCo=,TAEMIN,One By One,115,https://www.youtube.com/watch?v=3wQWOKQX8NE,태민 - One By One
pgTTLDn+rRvHvqSEH65Y0OsjGBTv5Is4jckpbIOtPfQ=,BESTiE,연애의 조건 (Love Options),123,https://www.youtube.com/watch?v=Jg6YZYOJd2A,베스티 - 연애의 조건
3BE+41w6UV+vkHZdvgA09K7XqClX25FpgGEd+6cqtqM=,BANGTAN BOYS,Intro: O!rul8|2?,150,https://www.youtube.com/watch?v=5BwrWn8ST-8,방탄소년단 - Intro: O!rul8|2?
2Khx8AQSqIq0aFX/ZdzVpbhI5Kf1ZfEjs1bEcdF0PpM=,RYEOWOOK,People you may know,136,https://www.youtube.com/watch?v=AdBSfq2AgkE,려욱 - 알 수도 있는 사람
qapY/DPLURo1WRVgLpJwa9pFVA7IjuChiZVelvdpg3c=,Teen Top,Baby U,81,https://www.youtube.com/watch?v=LtgHCa6_JwU,틴탑 - Baby U
+ZEeAvUub+bd4wfVw+5q2xv49Yz3n4Xl8rJ0HhGkC3Q=,BOYFRIEND,ON & ON,132,https://www.youtube.com/watch?v=29hwt4n--3c,보이프렌드 - 온앤온
Kkm2YmnJlKYvNvggYAgZSxCHJ7mVcNbTWy6NwlnXl9U=,홍진영,산다는 건 (Cheer Up),107,https://www.youtube.com/watch?v=LBVlfS1AL6g,홍진영 - 산다는 건
oalajmfPZ1qj6KTfeiSkxVgjIL3B8ooQrHe7o/nPerg=,4MINUTE,What's Your Name?,115,https://www.youtube.com/watch?v=nD5ferh1_eE,4minute - 이름이 뭐예요?
Q31xNI6phQnsdqa4dQ6s3jrUya3CKeMQMojZ+qpI6xw=,Reply 1994 (Original Soundtrack),Happy Me,136,https://www.youtube.com/watch?v=Plc5V1ANWtE,김예림 - 행복한 나를
3ZO7VglX1qZcr4mM8Na6zGT9f+A6sPqOvkeC1ZbdKGo=,DEAN,Bonnie & Clyde,95,https://www.youtube.com/watch?v=QKcJa8dKg_A,DEAN - Bonnie & Clyde
RFWgYinAQmyqoiuVMogTpDRv9QCpTO1N9AGvBEcUWuA=,f(x),Stand Up!,119,https://www.youtube.com/watch?v=Px_TaS30Cb0,f(x) - Stand Up
2bJlI96Ev6hIPhqsgYH0Qngrs9HV+4wsmmLw8MwoHmQ=,B.A.P,0 (Zero),104,https://www.youtube.com/watch?v=W4EHYKFQvns,B.A.P - 0 (Zero)
4ItEZt4SbvvNvKXGOLnH/LkRMZEIbXrpX3TZQeWuww0=,B.A.P,FERMATA,126,https://www.youtube.com/watch?v=dGERGbN7VYg,B.A.P - Fermata
FD3cN3+3aVGyHkZKnw2G8yNi9UJz+BvG8jGQ8aZ2D1U=,Niel,아포가토 (feat.C.A.P),85,https://www.youtube.com/watch?v=QgU5CVZQoEs,니엘 - 아포카토
h1C+3iD9pplJ8oV3rl+lyvtFTLFbTdgADlgSSSRPdqI=,CROSS GENE,La-Di Da-Di,128,https://www.youtube.com/watch?v=ccgl9N_Y7m0,크로스진 - 라디다디
qQfPOq7+CtgVtwinGL+bZAzqNZM3n2QIO82mzXEKF2U=,Dynamic Duo| CHEN,nosedive,94,https://www.youtube.com/watch?v=Pf181SOiZwk,다이나믹 듀오 & 첸 - 기다렸다 가
PdjionTYbH8Ipj4IWJriqCRAbQE1MkuiO0OMdz2N0Fo=,Master's Sun OST,Sad Wave,124,https://www.youtube.com/watch?v=ukID5_1n7S8,멜로디데이 - Sad Wave
7e2y6v4W3zveoCLcBCZks6G+hosJAwEOQeMadNzZNC4=,Han Dong Geun,Wherever You Are,140,https://www.youtube.com/watch?v=no3UDtbj48c,한동근 - 그 곳이 어디든
g5v5Sbe6R3aAJAT8Igk/DkQ8IFgesdP0n8GN62u7lPU=,Min Young Gong,Hallelujah II,140,https://www.youtube.com/watch?v=BXtvSm6VmY8,공민영 - 할렐루야
/qACXz4DWYMsewFweG1Am756nW3YpOCNLphVoOopInE=,Unpretty Rapstar Complation Album 2,Don't Make Money,100,https://www.youtube.com/watch?v=mFLipeAEdho,헤이즈 & 찬열 - 돈 벌지마
ncCH4iveLUFWvr9pKT/VcswEXwe4022hMFYLt72eXpE=,BIGBANG,Oh| Ah| Oh,136,https://www.youtube.com/watch?v=kDAUi47cS7c,"빅뱅 - 오, 아, 오"
Ol4GpQPhZLRNhuptMgcLmU/hmQbdHSB5AO2ETpMg90o=,SUPER JUNIOR,Dear. Two,140,https://www.youtube.com/watch?v=VhRsLvGtGBg,슈퍼주니어 - Dear. Two
PnQxeD7bNiToGcqyIQWuY7YVh4uc2netEkm5R1cem4Y=,Various Artists,The Shade Of A Tree,65,https://www.youtube.com/watch?v=gQxfoOgCgMg,남혜승 - The Shade of a Tree
YRnLHUnH5OiCQKGBku+CUu/DgNUy/tOR0OouTSW3duU=,MONSTA X,Blind,129,https://www.youtube.com/watch?v=CdK8DeCOP0o,몬스타엑스 - Blind
mpUJnfTUTBQDsDNX+8vcK+27s8UDUBTiaW8r+dbwANA=,Various Artists,Lovely Girl,100,https://www.youtube.com/watch?v=XumuLg-Kots,김비서가 왜 그럴까OST - Lovely Girl
kjNdj1bYoNk7C/tKcDPAQie0jTVw3NrLBc6md60hUgE=,4MINUTE,AN JUL RAE,150,https://www.youtube.com/watch?v=UAOghR-YRYQ,4minute - 안 줄래
8PZTpV3TTZdZTfKQ1RjwSRLoNbbfBwXVzISIRWS3KPo=,Sun Hee Lee,WindFlower,125,https://www.youtube.com/watch?v=z1jTjyAWG2E,이선희 - 바람꽃
kk2bnutGLYq3VfJ2xTyz/0ycQwhIjLxTqf/qORc7AyE=,B.HEART,Don't Need Anything,81,https://www.youtube.com/watch?v=3nmvvZtvXDc,비하트 - 필요없어
VsIf4wpmALFbg+FZ3IyLj+0g+bs/SpS7HIAtNDpK3pk=,Hyolyn,I Miss You,106,https://www.youtube.com/watch?v=3C8y24NgJTk,효린 - 보고싶어
XEbEj5C0YTclqsOKJCrjLGCSTgE3m5b2ZQQ3+okrhc4=,Various Artists,Einfühlung,124,https://www.youtube.com/watch?v=rqHEhhnWfqY,티어라이너 - Einfühlung
3jv6Bj6s97ie7LrzbNRC9EiJO5p0KTkKS9E1EmXHvMw=,My Little Memory,We're Parted,128,https://www.youtube.com/watch?v=JA4gnesMudc,My Little Memory - 우리 헤어졌어요
RRHNJp0yW/gVzIIDBV/mFSiuc2JhufCU87OoW0dDcsI=,BANGTAN BOYS,Bts Cypher Pt.2: Triptych,142,https://www.youtube.com/watch?v=0fo7M-DzopQ,방탄소년단 - Bts Cypher Pt.2: Triptych
rYjAZMLIwkkx2LHkp6uubCr5vCuRWE4oGMiOnoIRbbY=,rYjAZMLIwkkx2LHkp6uubCr5vCuRWE4oGMiOnoIRbbY=,Lotto,100,https://www.youtube.com/watch?v=jAr_kPxowVs,EXO - Lotto
BFKE38coGGf7ScLAkIaqnoJCUR7HCq3RxhviMGMo/J0=,LOCO,높아 2 (feat.C Jamm & 박재범),123,https://www.youtube.com/watch?v=dVYLEvYsnDU,LOCO - 높아 2
QH2Vz8OOMQB1m28g5hHvcsBAxIJ+XLNLV8cbueOTuhc=,Cho Kwon (2AM)/Niel (TEENTOP)/ZO (MBLAQ)/Yang Yo Seob (BEAST)/Woo Hyon (INFINITE),Too Beautiful to Cry,126,https://www.youtube.com/watch?v=fHw3CJp9ckk, 조권 & 니엘 & 지오 & 양요섭 & 우현 - 눈물나게 아름다운
qk8kG/cNBrDhpBB9sH2zwwx+FQIURw2p3dJF6AL++8A=,SolBi,Empty...,89,https://www.youtube.com/watch?v=_IzY_aL2UxA,솔비 - 없다
+b0n2uV/LG2K4TuB3xsHcseX9Z5Za6HYKKzOiasm+wo=,Kim Jong Kook,잘해 주지 마요,106,https://www.youtube.com/watch?v=W66d_wDyoHM,김종국 - 잘해 주지 마요
zDj6fdKrLr0NYSyJDxDABoFmzUvPfnE1B50w6T99VPk=,B.A.P,One Shot,95,https://www.youtube.com/watch?v=5SMix8cgxDU,B.A.P - One Shot
0wnp7liAtEHnSFNGu/SObX0gfyANf4E8aIu/3pmLVY0=,지민(AOA),야 하고 싶어 (feat.시우민 of EXO),90,https://www.youtube.com/watch?v=HqRuijbmOUk,지민(AOA) - 야 하고 싶어
B3s5Btz7S7UiXrORDqt33CCG9Nt2fatQmlr2NoMvTIA=,VIXX,Romance is over,99,https://www.youtube.com/watch?v=oG3K0Z2QEXg,빅스 - 로맨스는 끝났다
owbvyXC/rlM2OkIA9xuQaqy+OvqPouhAbpq6CII715E=,Yiruma,Far Away,117,https://www.youtube.com/watch?v=-RHIikG95_Y,이루마 - Far Away
n4N9mk2kmWsqaXnIb7jYFoT3wFoBJQyC2Mu1bZB3Ik0=,SISTAR,GOOD TIME,141,https://www.youtube.com/watch?v=xKYNLU9mrDY,시스타 - Good Time